UnitID;Set;Alt;Attribute1;Attribute2;Attribute3;Attribute4;Choice
1;1;1;1;1;2;2;1
1;1;2;3;3;1;1;0
1;1;3;2;2;1;2;0
1;2;1;2;3;2;1;4
1;2;2;1;2;1;2;0
1;2;3;3;1;2;1;0
1;3;1;2;3;1;2;2
1;3;2;1;1;1;1;0
1;3;3;3;2;2;2;0
1;4;1;2;1;2;1;4
1;4;2;1;2;1;2;0
1;4;3;3;3;2;1;0
1;5;1;2;1;2;2;2
1;5;2;1;3;2;2;0
1;5;3;3;2;1;1;0
1;6;1;1;2;1;1;4
1;6;2;3;1;2;2;0
1;6;3;2;3;1;1;0
1;7;1;3;1;1;2;4
1;7;2;1;3;2;1;0
1;7;3;2;2;2;1;0
1;8;1;2;2;1;2;2
1;8;2;1;1;2;1;0
1;8;3;3;3;1;2;0
1;9;1;1;2;2;2;1
1;9;2;3;1;1;1;0
1;9;3;2;3;2;2;0
1;10;1;2;2;1;1;3
1;10;2;3;3;1;1;0
1;10;3;1;1;2;2;0
1;11;1;2;1;1;2;1
1;11;2;3;2;2;1;0
1;11;3;1;3;1;2;0
1;12;1;3;1;1;2;4
1;12;2;2;3;2;1;0
1;12;3;1;2;2;1;0
1;13;1;2;3;1;2;2
1;13;2;1;1;1;1;0
1;13;3;3;2;2;2;0
1;14;1;1;2;1;2;2
1;14;2;2;1;2;1;0
1;14;3;3;3;2;1;0
2;1;1;1;1;2;2;1
2;1;2;3;3;1;1;0
2;1;3;2;2;1;2;0
2;2;1;2;3;2;1;2
2;2;2;1;2;1;2;0
2;2;3;3;1;2;1;0
2;3;1;3;1;1;1;3
2;3;2;2;2;1;1;0
2;3;3;1;3;2;2;0
2;4;1;3;2;2;2;3
2;4;2;1;3;1;1;0
2;4;3;2;1;2;2;0
2;5;1;3;3;1;2;3
2;5;2;2;2;1;2;0
2;5;3;1;1;2;1;0
2;6;1;3;3;2;1;2
2;6;2;1;1;1;2;0
2;6;3;2;2;2;1;0
2;7;1;2;1;1;1;4
2;7;2;1;3;1;1;0
2;7;3;3;2;2;2;0
2;8;1;1;1;2;2;1
2;8;2;3;2;1;1;0
2;8;3;2;3;2;2;0
2;9;1;1;2;2;1;4
2;9;2;3;1;1;2;0
2;9;3;2;3;1;1;0
2;10;1;1;2;1;2;4
2;10;2;2;3;2;2;0
2;10;3;3;1;1;1;0
2;11;1;1;3;1;2;2
2;11;2;2;1;2;1;0
2;11;3;3;2;2;2;0
2;12;1;3;3;2;1;3
2;12;2;2;2;1;2;0
2;12;3;1;1;2;1;0
2;13;1;1;3;2;1;4
2;13;2;3;1;2;2;0
2;13;3;2;2;1;1;0
2;14;1;3;2;2;1;4
2;14;2;1;3;1;2;0
2;14;3;2;1;1;2;0
3;1;1;1;1;2;2;1
3;1;2;3;3;1;1;0
3;1;3;2;2;1;2;0
3;2;1;2;3;2;1;4
3;2;2;1;2;1;2;0
3;2;3;3;1;2;1;0
3;3;1;1;2;2;2;1
3;3;2;2;1;2;2;0
3;3;3;3;3;1;1;0
3;4;1;2;2;1;1;2
3;4;2;1;1;1;1;0
3;4;3;3;3;2;2;0
3;5;1;1;2;1;2;4
3;5;2;3;1;1;2;0
3;5;3;2;3;2;1;0
3;6;1;3;3;1;2;3
3;6;2;2;2;2;1;0
3;6;3;1;1;2;1;0
3;7;1;1;2;2;2;1
3;7;2;2;3;2;2;0
3;7;3;3;1;1;1;0
3;8;1;3;2;1;1;3
3;8;2;1;3;1;1;0
3;8;3;2;1;2;2;0
3;9;1;2;2;1;2;2
3;9;2;1;1;1;2;0
3;9;3;3;3;2;1;0
3;10;1;2;3;1;2;4
3;10;2;1;2;2;1;0
3;10;3;3;1;2;1;0
3;11;1;3;2;2;2;4
3;11;2;1;3;1;1;0
3;11;3;2;1;1;1;0
3;12;1;3;2;1;1;2
3;12;2;1;3;2;2;0
3;12;3;2;1;2;2;0
3;13;1;1;1;2;2;1
3;13;2;3;3;1;2;0
3;13;3;2;2;2;1;0
3;14;1;3;3;2;2;4
3;14;2;2;1;1;1;0
3;14;3;1;2;1;1;0
4;1;1;1;1;2;2;1
4;1;2;3;3;1;1;0
4;1;3;2;2;1;2;0
4;2;1;2;3;2;1;4
4;2;2;1;2;1;2;0
4;2;3;3;1;2;1;0
4;3;1;1;1;2;1;1
4;3;2;2;3;2;1;0
4;3;3;3;2;1;2;0
4;4;1;1;1;1;2;1
4;4;2;3;3;2;1;0
4;4;3;2;2;1;2;0
4;5;1;2;2;2;1;4
4;5;2;3;1;2;2;0
4;5;3;1;3;1;1;0
4;6;1;2;3;1;2;4
4;6;2;1;2;2;1;0
4;6;3;3;1;1;2;0
4;7;1;2;3;1;1;3
4;7;2;3;1;1;1;0
4;7;3;1;2;2;2;0
4;8;1;2;3;2;2;2
4;8;2;1;1;2;2;0
4;8;3;3;2;1;1;0
4;9;1;2;1;2;1;1
4;9;2;3;2;2;2;0
4;9;3;1;3;1;2;0
4;10;1;1;3;1;1;4
4;10;2;2;2;2;2;0
4;10;3;3;1;1;1;0
4;11;1;1;2;1;2;3
4;11;2;3;3;2;1;0
4;11;3;2;1;1;2;0
4;12;1;2;2;2;1;3
4;12;2;3;3;1;2;0
4;12;3;1;1;2;1;0
4;13;1;3;2;2;2;2
4;13;2;1;3;2;2;0
4;13;3;2;1;1;1;0
4;14;1;2;3;1;1;4
4;14;2;1;2;1;1;0
4;14;3;3;1;2;2;0
5;1;1;1;1;2;2;1
5;1;2;3;3;1;1;0
5;1;3;2;2;1;2;0
5;2;1;2;3;2;1;4
5;2;2;1;2;1;2;0
5;2;3;3;1;2;1;0
5;3;1;1;1;1;2;1
5;3;2;2;2;1;2;0
5;3;3;3;3;2;1;0
5;4;1;1;3;2;1;3
5;4;2;3;2;1;2;0
5;4;3;2;1;2;1;0
5;5;1;2;3;2;2;4
5;5;2;1;2;1;1;0
5;5;3;3;1;1;1;0
5;6;1;1;1;2;2;1
5;6;2;3;2;1;1;0
5;6;3;2;3;1;2;0
5;7;1;2;2;2;1;4
5;7;2;1;3;1;2;0
5;7;3;3;1;2;1;0
5;8;1;1;3;2;2;1
5;8;2;3;2;2;2;0
5;8;3;2;1;1;1;0
5;9;1;3;3;2;1;4
5;9;2;2;1;1;2;0
5;9;3;1;2;1;1;0
5;10;1;1;1;2;2;1
5;10;2;2;2;2;2;0
5;10;3;3;3;1;1;0
5;11;1;1;2;2;1;1
5;11;2;2;3;1;2;0
5;11;3;3;1;1;2;0
5;12;1;3;2;1;2;2
5;12;2;1;3;2;1;0
5;12;3;2;1;2;1;0
5;13;1;2;3;2;2;4
5;13;2;1;2;1;1;0
5;13;3;3;1;2;2;0
5;14;1;2;2;2;2;3
5;14;2;3;3;1;1;0
5;14;3;1;1;1;1;0
6;1;1;1;1;2;2;1
6;1;2;3;3;1;1;0
6;1;3;2;2;1;2;0
6;2;1;2;3;2;1;4
6;2;2;1;2;1;2;0
6;2;3;3;1;2;1;0
6;3;1;3;2;2;1;4
6;3;2;1;3;1;2;0
6;3;3;2;1;1;1;0
6;4;1;2;2;1;1;2
6;4;2;1;3;2;2;0
6;4;3;3;1;2;2;0
6;5;1;2;3;2;1;4
6;5;2;1;2;1;2;0
6;5;3;3;1;1;2;0
6;6;1;3;2;2;1;2
6;6;2;1;1;2;1;0
6;6;3;2;3;1;2;0
6;7;1;1;1;2;2;1
6;7;2;2;2;1;2;0
6;7;3;3;3;2;1;0
6;8;1;1;1;1;1;1
6;8;2;3;2;2;2;0
6;8;3;2;3;1;1;0
6;9;1;1;2;2;1;1
6;9;2;2;1;2;1;0
6;9;3;3;3;1;2;0
6;10;1;2;1;1;2;4
6;10;2;1;2;1;2;0
6;10;3;3;3;2;1;0
6;11;1;1;3;2;2;1
6;11;2;3;1;1;1;0
6;11;3;2;2;2;2;0
6;12;1;3;2;1;1;2
6;12;2;2;1;2;2;0
6;12;3;1;3;1;1;0
6;13;1;2;3;2;1;4
6;13;2;3;1;1;2;0
6;13;3;1;2;1;1;0
6;14;1;3;3;2;2;3
6;14;2;2;2;1;1;0
6;14;3;1;1;2;2;0
7;1;1;1;1;2;2;1
7;1;2;3;3;1;1;0
7;1;3;2;2;1;2;0
7;2;1;2;3;2;1;4
7;2;2;1;2;1;2;0
7;2;3;3;1;2;1;0
7;3;1;2;2;2;2;2
7;3;2;1;1;2;1;0
7;3;3;3;3;1;2;0
7;4;1;2;3;1;1;3
7;4;2;3;2;2;2;0
7;4;3;1;1;1;1;0
7;5;1;3;1;2;1;3
7;5;2;2;2;2;1;0
7;5;3;1;3;1;2;0
7;6;1;2;1;1;2;3
7;6;2;3;3;2;1;0
7;6;3;1;2;1;2;0
7;7;1;1;3;2;2;1
7;7;2;2;1;2;1;0
7;7;3;3;2;1;1;0
7;8;1;2;3;1;2;2
7;8;2;1;2;2;1;0
7;8;3;3;1;1;2;0
7;9;1;2;2;2;2;2
7;9;2;1;1;1;2;0
7;9;3;3;3;1;1;0
7;10;1;2;1;2;1;3
7;10;2;3;2;1;2;0
7;10;3;1;3;2;1;0
7;11;1;1;2;2;2;1
7;11;2;2;3;1;1;0
7;11;3;3;1;2;2;0
7;12;1;3;3;2;2;3
7;12;2;2;2;1;1;0
7;12;3;1;1;1;1;0
7;13;1;2;3;1;2;2
7;13;2;1;1;2;1;0
7;13;3;3;2;2;1;0
7;14;1;2;1;1;2;4
7;14;2;1;2;1;2;0
7;14;3;3;3;2;1;0
8;1;1;1;1;2;2;1
8;1;2;3;3;1;1;0
8;1;3;2;2;1;2;0
8;2;1;2;3;2;1;4
8;2;2;1;2;1;2;0
8;2;3;3;1;2;1;0
8;3;1;3;1;1;1;4
8;3;2;2;3;2;2;0
8;3;3;1;2;1;1;0
8;4;1;3;1;1;1;3
8;4;2;2;2;2;2;0
8;4;3;1;3;2;2;0
8;5;1;1;3;1;1;2
8;5;2;2;1;2;1;0
8;5;3;3;2;1;2;0
8;6;1;3;2;2;2;3
8;6;2;2;3;1;1;0
8;6;3;1;1;2;2;0
8;7;1;3;1;1;2;2
8;7;2;1;2;2;1;0
8;7;3;2;3;2;1;0
8;8;1;2;1;1;2;4
8;8;2;1;3;1;2;0
8;8;3;3;2;2;1;0
8;9;1;3;1;2;2;4
8;9;2;1;3;1;2;0
8;9;3;2;2;1;1;0
8;10;1;2;2;1;2;2
8;10;2;1;1;2;1;0
8;10;3;3;3;2;1;0
8;11;1;1;2;1;1;2
8;11;2;2;1;2;2;0
8;11;3;3;3;1;1;0
8;12;1;1;3;2;2;1
8;12;2;2;2;2;2;0
8;12;3;3;1;1;1;0
8;13;1;3;3;1;2;4
8;13;2;1;2;2;1;0
8;13;3;2;1;2;1;0
8;14;1;2;3;2;1;2
8;14;2;1;1;1;2;0
8;14;3;3;2;1;2;0
9;1;1;1;1;2;2;1
9;1;2;3;3;1;1;0
9;1;3;2;2;1;2;0
9;2;1;2;3;2;1;4
9;2;2;1;2;1;2;0
9;2;3;3;1;2;1;0
9;3;1;2;1;1;1;4
9;3;2;3;2;2;2;0
9;3;3;1;3;1;1;0
9;4;1;2;2;1;1;2
9;4;2;1;1;2;2;0
9;4;3;3;3;2;2;0
9;5;1;1;2;1;2;4
9;5;2;2;3;1;2;0
9;5;3;3;1;2;1;0
9;6;1;2;3;2;1;4
9;6;2;3;1;1;2;0
9;6;3;1;2;2;1;0
9;7;1;1;2;2;2;1
9;7;2;2;1;2;2;0
9;7;3;3;3;1;1;0
9;8;1;1;1;1;1;1
9;8;2;3;2;1;1;0
9;8;3;2;3;2;2;0
9;9;1;3;1;2;2;3
9;9;2;2;2;1;2;0
9;9;3;1;3;2;1;0
9;10;1;2;1;1;1;4
9;10;2;1;3;1;2;0
9;10;3;3;2;2;2;0
9;11;1;2;2;2;1;2
9;11;2;1;1;1;2;0
9;11;3;3;3;2;1;0
9;12;1;2;3;2;2;2
9;12;2;1;1;1;1;0
9;12;3;3;2;1;1;0
9;13;1;3;1;2;1;3
9;13;2;2;2;1;2;0
9;13;3;1;3;2;2;0
9;14;1;2;1;2;2;4
9;14;2;3;3;1;1;0
9;14;3;1;2;2;1;0
10;1;1;1;1;2;2;1
10;1;2;3;3;1;1;0
10;1;3;2;2;1;2;0
10;2;1;2;3;2;1;4
10;2;2;1;2;1;2;0
10;2;3;3;1;2;1;0
10;3;1;2;3;1;1;3
10;3;2;3;2;2;2;0
10;3;3;1;1;1;2;0
10;4;1;3;1;2;2;4
10;4;2;1;3;1;1;0
10;4;3;2;2;1;1;0
10;5;1;1;2;2;1;2
10;5;2;2;1;2;1;0
10;5;3;3;3;1;2;0
10;6;1;3;1;1;2;4
10;6;2;1;3;2;1;0
10;6;3;2;2;1;2;0
10;7;1;1;3;2;2;1
10;7;2;2;1;1;1;0
10;7;3;3;2;2;1;0
10;8;1;2;3;1;2;4
10;8;2;3;1;2;1;0
10;8;3;1;2;1;2;0
10;9;1;3;3;1;1;4
10;9;2;2;1;2;2;0
10;9;3;1;2;2;1;0
10;10;1;3;2;1;2;3
10;10;2;2;3;2;1;0
10;10;3;1;1;1;2;0
10;11;1;3;3;2;2;3
10;11;2;2;2;2;2;0
10;11;3;1;1;1;1;0
10;12;1;3;3;1;1;2
10;12;2;1;1;2;2;0
10;12;3;2;2;1;1;0
10;13;1;1;2;1;1;4
10;13;2;2;3;1;2;0
10;13;3;3;1;2;1;0
10;14;1;3;2;2;2;3
10;14;2;2;1;1;1;0
10;14;3;1;3;2;2;0
11;1;1;1;1;2;2;1
11;1;2;3;3;1;1;0
11;1;3;2;2;1;2;0
11;2;1;2;3;2;1;4
11;2;2;1;2;1;2;0
11;2;3;3;1;2;1;0
11;3;1;2;2;2;1;4
11;3;2;1;3;1;2;0
11;3;3;3;1;1;2;0
11;4;1;2;3;2;1;3
11;4;2;3;2;1;2;0
11;4;3;1;1;2;1;0
11;5;1;2;1;2;2;2
11;5;2;1;2;2;2;0
11;5;3;3;3;1;1;0
11;6;1;1;1;1;1;1
11;6;2;3;2;1;1;0
11;6;3;2;3;2;2;0
11;7;1;2;1;1;2;4
11;7;2;1;2;1;2;0
11;7;3;3;3;2;1;0
11;8;1;3;1;2;1;4
11;8;2;2;2;2;1;0
11;8;3;1;3;1;2;0
11;9;1;2;3;1;1;2
11;9;2;1;1;2;1;0
11;9;3;3;2;2;2;0
11;10;1;3;1;1;2;3
11;10;2;2;3;1;2;0
11;10;3;1;2;2;1;0
11;11;1;1;1;1;1;1
11;11;2;2;2;1;1;0
11;11;3;3;3;2;2;0
11;12;1;3;3;1;1;2
11;12;2;2;1;2;2;0
11;12;3;1;2;2;2;0
11;13;1;3;2;1;2;3
11;13;2;1;3;2;1;0
11;13;3;2;1;2;2;0
11;14;1;3;1;1;1;3
11;14;2;2;2;1;1;0
11;14;3;1;3;2;2;0
12;1;1;1;1;2;2;1
12;1;2;3;3;1;1;0
12;1;3;2;2;1;2;0
12;2;1;2;3;2;1;4
12;2;2;1;2;1;2;0
12;2;3;3;1;2;1;0
12;3;1;2;3;2;1;4
12;3;2;3;1;2;1;0
12;3;3;1;2;1;2;0
12;4;1;2;1;1;2;4
12;4;2;1;3;1;2;0
12;4;3;3;2;2;1;0
12;5;1;2;2;2;1;2
12;5;2;1;1;1;1;0
12;5;3;3;3;2;2;0
12;6;1;2;2;1;2;2
12;6;2;1;1;2;1;0
12;6;3;3;3;1;2;0
12;7;1;3;2;2;2;3
12;7;2;1;3;1;1;0
12;7;3;2;1;2;2;0
12;8;1;3;1;1;1;2
12;8;2;1;3;2;2;0
12;8;3;2;2;1;1;0
12;9;1;1;1;1;2;1
12;9;2;2;3;2;1;0
12;9;3;3;2;2;2;0
12;10;1;2;1;2;2;1
12;10;2;3;3;1;1;0
12;10;3;1;2;1;1;0
12;11;1;1;2;2;1;1
12;11;2;3;1;1;2;0
12;11;3;2;3;1;2;0
12;12;1;1;2;1;2;4
12;12;2;2;3;2;1;0
12;12;3;3;1;2;1;0
12;13;1;1;3;2;2;1
12;13;2;2;2;1;1;0
12;13;3;3;1;2;1;0
12;14;1;1;3;2;1;1
12;14;2;2;1;1;2;0
12;14;3;3;2;1;2;0
13;1;1;1;1;2;2;1
13;1;2;3;3;1;1;0
13;1;3;2;2;1;2;0
13;2;1;2;3;2;1;4
13;2;2;1;2;1;2;0
13;2;3;3;1;2;1;0
13;3;1;2;1;1;1;2
13;3;2;1;2;2;2;0
13;3;3;3;3;1;1;0
13;4;1;1;1;1;1;1
13;4;2;2;2;2;2;0
13;4;3;3;3;2;2;0
13;5;1;1;1;2;2;1
13;5;2;3;2;2;1;0
13;5;3;2;3;1;2;0
13;6;1;2;1;2;2;1
13;6;2;3;3;1;1;0
13;6;3;1;2;1;1;0
13;7;1;3;1;1;2;4
13;7;2;2;2;2;1;0
13;7;3;1;3;1;2;0
13;8;1;2;3;2;1;2
13;8;2;1;1;2;1;0
13;8;3;3;2;1;2;0
13;9;1;1;2;1;1;4
13;9;2;2;1;1;1;0
13;9;3;3;3;2;2;0
13;10;1;1;1;2;2;1
13;10;2;2;3;1;1;0
13;10;3;3;2;2;2;0
13;11;1;3;1;2;1;3
13;11;2;2;2;1;2;0
13;11;3;1;3;1;2;0
13;12;1;1;2;2;1;4
13;12;2;3;1;1;2;0
13;12;3;2;3;2;1;0
13;13;1;3;2;1;1;2
13;13;2;1;3;2;2;0
13;13;3;2;1;2;2;0
13;14;1;1;1;1;1;1
13;14;2;2;2;2;2;0
13;14;3;3;3;1;1;0
14;1;1;1;1;2;2;1
14;1;2;3;3;1;1;0
14;1;3;2;2;1;2;0
14;2;1;2;3;2;1;4
14;2;2;1;2;1;2;0
14;2;3;3;1;2;1;0
14;3;1;2;1;1;2;2
14;3;2;1;2;2;1;0
14;3;3;3;3;2;1;0
14;4;1;3;1;2;1;4
14;4;2;1;3;1;2;0
14;4;3;2;2;1;2;0
14;5;1;3;2;2;2;3
14;5;2;2;3;1;1;0
14;5;3;1;1;1;2;0
14;6;1;2;1;2;1;4
14;6;2;1;3;2;1;0
14;6;3;3;2;1;2;0
14;7;1;2;3;2;2;4
14;7;2;3;1;2;2;0
14;7;3;1;2;1;1;0
14;8;1;1;2;2;2;1
14;8;2;2;3;1;1;0
14;8;3;3;1;1;1;0
14;9;1;3;3;1;2;2
14;9;2;1;1;1;1;0
14;9;3;2;2;2;1;0
14;10;1;1;1;2;2;1
14;10;2;2;2;1;1;0
14;10;3;3;3;2;2;0
14;11;1;3;2;2;1;4
14;11;2;2;1;1;2;0
14;11;3;1;3;1;2;0
14;12;1;1;3;2;1;4
14;12;2;2;2;1;2;0
14;12;3;3;1;2;1;0
14;13;1;3;2;1;1;3
14;13;2;1;3;2;1;0
14;13;3;2;1;2;2;0
14;14;1;2;1;2;1;1
14;14;2;1;2;1;2;0
14;14;3;3;3;1;2;0
15;1;1;1;1;2;2;1
15;1;2;3;3;1;1;0
15;1;3;2;2;1;2;0
15;2;1;2;3;2;1;4
15;2;2;1;2;1;2;0
15;2;3;3;1;2;1;0
15;3;1;2;2;2;2;2
15;3;2;1;1;1;1;0
15;3;3;3;3;2;2;0
15;4;1;2;3;1;1;2
15;4;2;1;2;2;2;0
15;4;3;3;1;1;1;0
15;5;1;2;3;2;1;2
15;5;2;1;1;1;2;0
15;5;3;3;2;2;1;0
15;6;1;1;1;2;1;1
15;6;2;3;2;1;2;0
15;6;3;2;3;1;2;0
15;7;1;2;3;1;1;4
15;7;2;3;1;2;2;0
15;7;3;1;2;1;1;0
15;8;1;2;1;2;2;2
15;8;2;1;3;2;2;0
15;8;3;3;2;1;1;0
15;9;1;3;3;1;1;3
15;9;2;2;2;2;1;0
15;9;3;1;1;1;2;0
15;10;1;3;3;2;2;3
15;10;2;2;1;1;1;0
15;10;3;1;2;2;2;0
15;11;1;3;1;2;1;4
15;11;2;1;3;2;1;0
15;11;3;2;2;1;2;0
15;12;1;3;3;1;2;3
15;12;2;2;1;1;2;0
15;12;3;1;2;2;1;0
15;13;1;1;1;1;1;1
15;13;2;3;2;1;2;0
15;13;3;2;3;2;2;0
15;14;1;2;2;2;1;4
15;14;2;1;3;1;2;0
15;14;3;3;1;2;1;0
16;1;1;1;1;2;2;1
16;1;2;3;3;1;1;0
16;1;3;2;2;1;2;0
16;2;1;2;3;2;1;4
16;2;2;1;2;1;2;0
16;2;3;3;1;2;1;0
16;3;1;2;2;1;1;3
16;3;2;3;3;1;1;0
16;3;3;1;1;2;2;0
16;4;1;1;3;1;1;3
16;4;2;3;2;2;2;0
16;4;3;2;1;2;2;0
16;5;1;2;3;2;1;4
16;5;2;1;2;1;2;0
16;5;3;3;1;1;2;0
16;6;1;3;2;2;1;3
16;6;2;2;1;1;2;0
16;6;3;1;3;2;1;0
16;7;1;3;3;2;2;3
16;7;2;2;2;1;1;0
16;7;3;1;1;1;1;0
16;8;1;2;3;2;2;3
16;8;2;3;1;1;1;0
16;8;3;1;2;2;2;0
16;9;1;2;1;2;1;3
16;9;2;3;3;1;2;0
16;9;3;1;2;2;2;0
16;10;1;1;3;1;1;4
16;10;2;3;1;2;2;0
16;10;3;2;2;1;1;0
16;11;1;1;1;1;2;1
16;11;2;3;2;2;1;0
16;11;3;2;3;1;2;0
16;12;1;3;3;2;1;3
16;12;2;2;2;1;2;0
16;12;3;1;1;2;1;0
16;13;1;1;2;2;1;4
16;13;2;3;1;1;1;0
16;13;3;2;3;2;2;0
16;14;1;2;1;2;1;4
16;14;2;1;3;1;2;0
16;14;3;3;2;1;2;0
17;1;1;1;1;2;2;1
17;1;2;3;3;1;1;0
17;1;3;2;2;1;2;0
17;2;1;2;3;2;1;4
17;2;2;1;2;1;2;0
17;2;3;3;1;2;1;0
17;3;1;3;2;1;1;2
17;3;2;2;1;2;2;0
17;3;3;1;3;1;1;0
17;4;1;2;3;1;1;2
17;4;2;1;2;2;2;0
17;4;3;3;1;2;2;0
17;5;1;3;3;2;1;2
17;5;2;1;1;1;2;0
17;5;3;2;2;1;1;0
17;6;1;2;3;2;2;3
17;6;2;3;1;1;1;0
17;6;3;1;2;2;2;0
17;7;1;1;1;2;1;1
17;7;2;3;3;1;2;0
17;7;3;2;2;2;1;0
17;8;1;1;3;2;1;4
17;8;2;2;1;1;2;0
17;8;3;3;2;1;2;0
17;9;1;1;3;1;1;2
17;9;2;2;1;2;2;0
17;9;3;3;2;2;2;0
17;10;1;2;2;1;1;2
17;10;2;1;1;1;1;0
17;10;3;3;3;2;2;0
17;11;1;1;2;1;2;1
17;11;2;2;3;2;1;0
17;11;3;3;1;2;1;0
17;12;1;1;2;2;1;4
17;12;2;3;3;1;2;0
17;12;3;2;1;1;2;0
17;13;1;1;3;2;2;1
17;13;2;2;1;1;2;0
17;13;3;3;2;1;1;0
17;14;1;3;1;2;1;4
17;14;2;1;3;1;2;0
17;14;3;2;2;2;1;0
18;1;1;1;1;2;2;1
18;1;2;3;3;1;1;0
18;1;3;2;2;1;2;0
18;2;1;2;3;2;1;4
18;2;2;1;2;1;2;0
18;2;3;3;1;2;1;0
18;3;1;3;1;2;2;2
18;3;2;1;2;2;2;0
18;3;3;2;3;1;1;0
18;4;1;2;3;2;2;2
18;4;2;1;1;1;1;0
18;4;3;3;2;1;1;0
18;5;1;2;2;1;2;2
18;5;2;1;1;2;1;0
18;5;3;3;3;2;1;0
18;6;1;3;1;1;2;4
18;6;2;2;3;2;1;0
18;6;3;1;2;1;2;0
18;7;1;3;3;1;1;3
18;7;2;2;2;2;2;0
18;7;3;1;1;1;1;0
18;8;1;1;1;2;2;1
18;8;2;3;3;2;2;0
18;8;3;2;2;1;1;0
18;9;1;2;1;1;2;4
18;9;2;1;3;1;2;0
18;9;3;3;2;2;1;0
18;10;1;1;3;2;1;3
18;10;2;3;2;1;2;0
18;10;3;2;1;2;1;0
18;11;1;1;2;2;2;1
18;11;2;2;3;1;1;0
18;11;3;3;1;2;2;0
18;12;1;1;1;1;1;1
18;12;2;3;3;1;1;0
18;12;3;2;2;2;2;0
18;13;1;1;1;1;1;1
18;13;2;3;2;2;1;0
18;13;3;2;3;1;2;0
18;14;1;3;1;2;2;2
18;14;2;1;3;2;2;0
18;14;3;2;2;1;1;0
19;1;1;1;1;2;2;1
19;1;2;3;3;1;1;0
19;1;3;2;2;1;2;0
19;2;1;2;3;2;1;4
19;2;2;1;2;1;2;0
19;2;3;3;1;2;1;0
19;3;1;3;3;1;2;2
19;3;2;1;2;2;1;0
19;3;3;2;1;2;1;0
19;4;1;3;1;1;2;3
19;4;2;2;3;2;1;0
19;4;3;1;2;1;2;0
19;5;1;2;1;2;2;2
19;5;2;1;3;1;2;0
19;5;3;3;2;1;1;0
19;6;1;1;1;2;1;1
19;6;2;3;3;2;1;0
19;6;3;2;2;1;2;0
19;7;1;3;3;2;2;2
19;7;2;1;2;2;2;0
19;7;3;2;1;1;1;0
19;8;1;2;1;2;2;1
19;8;2;1;3;1;1;0
19;8;3;3;2;1;1;0
19;9;1;2;3;1;2;4
19;9;2;1;2;2;1;0
19;9;3;3;1;1;2;0
19;10;1;1;1;1;2;1
19;10;2;2;3;2;1;0
19;10;3;3;2;2;1;0
19;11;1;2;2;2;2;4
19;11;2;3;1;1;1;0
19;11;3;1;3;1;1;0
19;12;1;3;2;2;2;3
19;12;2;2;1;1;1;0
19;12;3;1;3;2;2;0
19;13;1;3;1;2;1;4
19;13;2;1;3;2;1;0
19;13;3;2;2;1;2;0
19;14;1;2;2;2;1;2
19;14;2;1;1;1;2;0
19;14;3;3;3;1;2;0
20;1;1;1;1;2;2;1
20;1;2;3;3;1;1;0
20;1;3;2;2;1;2;0
20;2;1;2;3;2;1;4
20;2;2;1;2;1;2;0
20;2;3;3;1;2;1;0
20;3;1;2;3;2;2;4
20;3;2;3;1;2;2;0
20;3;3;1;2;1;1;0
20;4;1;2;1;1;1;3
20;4;2;3;3;1;1;0
20;4;3;1;2;2;2;0
20;5;1;2;3;2;2;2
20;5;2;1;1;2;1;0
20;5;3;3;2;1;2;0
20;6;1;2;2;1;1;4
20;6;2;3;1;2;2;0
20;6;3;1;3;1;1;0
20;7;1;2;3;2;1;3
20;7;2;3;2;2;1;0
20;7;3;1;1;1;2;0
20;8;1;2;3;1;2;4
20;8;2;3;1;2;1;0
20;8;3;1;2;1;2;0
20;9;1;3;3;1;1;2
20;9;2;1;2;2;2;0
20;9;3;2;1;1;2;0
20;10;1;1;1;2;1;1
20;10;2;2;3;2;1;0
20;10;3;3;2;1;2;0
20;11;1;1;3;2;2;1
20;11;2;3;1;1;1;0
20;11;3;2;2;1;1;0
20;12;1;1;3;1;1;3
20;12;2;3;2;2;2;0
20;12;3;2;1;2;2;0
20;13;1;3;3;1;2;3
20;13;2;1;2;2;1;0
20;13;3;2;1;2;2;0
20;14;1;1;1;1;1;1
20;14;2;3;3;2;2;0
20;14;3;2;2;1;1;0
21;1;1;1;1;2;2;1
21;1;2;3;3;1;1;0
21;1;3;2;2;1;2;0
21;2;1;2;3;2;1;4
21;2;2;1;2;1;2;0
21;2;3;3;1;2;1;0
21;3;1;1;1;1;2;1
21;3;2;2;2;1;2;0
21;3;3;3;3;2;1;0
21;4;1;1;3;1;2;4
21;4;2;3;2;2;1;0
21;4;3;2;1;2;1;0
21;5;1;3;1;1;1;2
21;5;2;1;2;2;2;0
21;5;3;2;3;2;1;0
21;6;1;2;3;1;2;4
21;6;2;1;2;2;1;0
21;6;3;3;1;1;2;0
21;7;1;1;1;2;2;1
21;7;2;3;3;2;2;0
21;7;3;2;2;1;1;0
21;8;1;1;3;1;1;2
21;8;2;2;1;2;2;0
21;8;3;3;2;1;1;0
21;9;1;1;1;2;1;1
21;9;2;3;2;1;2;0
21;9;3;2;3;1;2;0
21;10;1;3;3;2;1;3
21;10;2;2;1;2;1;0
21;10;3;1;2;1;2;0
21;11;1;1;3;2;2;1
21;11;2;3;1;1;1;0
21;11;3;2;2;2;2;0
21;12;1;1;2;1;1;4
21;12;2;2;3;1;1;0
21;12;3;3;1;2;2;0
21;13;1;1;3;1;2;4
21;13;2;3;2;2;1;0
21;13;3;2;1;1;2;0
21;14;1;3;2;1;2;3
21;14;2;1;3;2;1;0
21;14;3;2;1;2;1;0
22;1;1;1;1;2;2;1
22;1;2;3;3;1;1;0
22;1;3;2;2;1;2;0
22;2;1;2;3;2;1;4
22;2;2;1;2;1;2;0
22;2;3;3;1;2;1;0
22;3;1;2;2;2;2;2
22;3;2;1;1;1;1;0
22;3;3;3;3;1;1;0
22;4;1;1;1;2;2;1
22;4;2;3;3;2;2;0
22;4;3;2;2;1;1;0
22;5;1;3;1;1;2;4
22;5;2;2;3;2;1;0
22;5;3;1;2;2;1;0
22;6;1;3;1;2;1;4
22;6;2;2;2;1;2;0
22;6;3;1;3;1;2;0
22;7;1;1;1;1;1;1
22;7;2;2;3;2;2;0
22;7;3;3;2;2;2;0
22;8;1;3;3;1;1;3
22;8;2;2;1;1;1;0
22;8;3;1;2;2;2;0
22;9;1;1;3;1;2;4
22;9;2;3;1;1;2;0
22;9;3;2;2;2;1;0
22;10;1;1;2;2;1;4
22;10;2;3;3;2;1;0
22;10;3;2;1;1;2;0
22;11;1;1;1;2;2;1
22;11;2;2;3;1;1;0
22;11;3;3;2;1;1;0
22;12;1;2;3;2;2;3
22;12;2;3;2;2;2;0
22;12;3;1;1;1;1;0
22;13;1;1;3;1;1;4
22;13;2;2;2;1;2;0
22;13;3;3;1;2;1;0
22;14;1;2;1;2;2;3
22;14;2;3;2;1;1;0
22;14;3;1;3;2;2;0
23;1;1;1;1;2;2;1
23;1;2;3;3;1;1;0
23;1;3;2;2;1;2;0
23;2;1;2;3;2;1;4
23;2;2;1;2;1;2;0
23;2;3;3;1;2;1;0
23;3;1;1;2;1;2;4
23;3;2;2;1;2;1;0
23;3;3;3;3;1;2;0
23;4;1;1;2;2;1;1
23;4;2;3;1;1;2;0
23;4;3;2;3;2;1;0
23;5;1;1;1;1;2;1
23;5;2;2;2;1;1;0
23;5;3;3;3;2;2;0
23;6;1;2;2;1;2;4
23;6;2;3;1;2;1;0
23;6;3;1;3;2;1;0
23;7;1;1;1;2;2;1
23;7;2;3;2;2;2;0
23;7;3;2;3;1;1;0
23;8;1;2;3;2;2;2
23;8;2;1;1;1;1;0
23;8;3;3;2;1;1;0
23;9;1;2;1;1;1;4
23;9;2;1;2;2;1;0
23;9;3;3;3;1;2;0
23;10;1;1;3;1;1;2
23;10;2;2;1;2;2;0
23;10;3;3;2;2;2;0
23;11;1;2;3;1;2;4
23;11;2;3;1;2;1;0
23;11;3;1;2;1;2;0
23;12;1;1;1;1;2;1
23;12;2;3;3;2;1;0
23;12;3;2;2;2;1;0
23;13;1;3;3;1;1;3
23;13;2;2;1;1;1;0
23;13;3;1;2;2;2;0
23;14;1;3;1;2;2;4
23;14;2;1;2;1;1;0
23;14;3;2;3;2;2;0
24;1;1;1;1;2;2;1
24;1;2;3;3;1;1;0
24;1;3;2;2;1;2;0
24;2;1;2;3;2;1;4
24;2;2;1;2;1;2;0
24;2;3;3;1;2;1;0
24;3;1;2;2;1;2;4
24;3;2;3;1;1;2;0
24;3;3;1;3;2;1;0
24;4;1;3;1;2;1;4
24;4;2;2;2;2;1;0
24;4;3;1;3;1;2;0
24;5;1;2;3;1;1;3
24;5;2;3;2;1;1;0
24;5;3;1;1;2;2;0
24;6;1;1;2;2;2;1
24;6;2;3;3;2;2;0
24;6;3;2;1;1;1;0
24;7;1;3;3;1;2;2
24;7;2;1;1;2;1;0
24;7;3;2;2;2;2;0
24;8;1;3;2;1;1;2
24;8;2;2;1;2;2;0
24;8;3;1;3;1;1;0
24;9;1;1;2;1;2;1
24;9;2;2;1;1;2;0
24;9;3;3;3;2;1;0
24;10;1;3;1;1;2;4
24;10;2;1;3;2;1;0
24;10;3;2;2;2;1;0
24;11;1;1;1;2;1;1
24;11;2;3;2;2;2;0
24;11;3;2;3;1;2;0
24;12;1;1;1;1;1;1
24;12;2;2;3;2;2;0
24;12;3;3;2;1;1;0
24;13;1;3;2;2;1;4
24;13;2;1;3;1;2;0
24;13;3;2;1;2;1;0
24;14;1;1;3;2;1;4
24;14;2;2;2;1;2;0
24;14;3;3;1;1;2;0
25;1;1;1;1;2;2;1
25;1;2;3;3;1;1;0
25;1;3;2;2;1;2;0
25;2;1;2;3;2;1;4
25;2;2;1;2;1;2;0
25;2;3;3;1;2;1;0
25;3;1;3;3;1;1;3
25;3;2;2;1;1;1;0
25;3;3;1;2;2;2;0
25;4;1;1;3;2;2;1
25;4;2;2;2;1;1;0
25;4;3;3;1;2;2;0
25;5;1;2;3;2;1;2
25;5;2;1;1;1;2;0
25;5;3;3;2;1;1;0
25;6;1;2;2;2;2;2
25;6;2;1;1;1;1;0
25;6;3;3;3;2;2;0
25;7;1;3;1;2;1;4
25;7;2;2;3;1;2;0
25;7;3;1;2;2;1;0
25;8;1;2;1;2;1;4
25;8;2;1;2;1;2;0
25;8;3;3;3;1;2;0
25;9;1;3;2;1;1;2
25;9;2;2;1;2;2;0
25;9;3;1;3;1;1;0
25;10;1;3;1;2;2;3
25;10;2;2;3;1;1;0
25;10;3;1;2;2;2;0
25;11;1;1;1;1;2;1
25;11;2;2;2;1;2;0
25;11;3;3;3;2;1;0
25;12;1;3;1;1;2;4
25;12;2;1;3;2;1;0
25;12;3;2;2;2;1;0
25;13;1;1;2;1;1;4
25;13;2;2;1;1;1;0
25;13;3;3;3;2;2;0
25;14;1;2;3;2;2;3
25;14;2;3;1;1;1;0
25;14;3;1;2;2;2;0
26;1;1;1;1;2;2;1
26;1;2;3;3;1;1;0
26;1;3;2;2;1;2;0
26;2;1;2;3;2;1;4
26;2;2;1;2;1;2;0
26;2;3;3;1;2;1;0
26;3;1;1;1;2;1;1
26;3;2;3;2;1;2;0
26;3;3;2;3;1;2;0
26;4;1;1;1;1;2;1
26;4;2;3;2;2;1;0
26;4;3;2;3;2;1;0
26;5;1;3;2;2;1;3
26;5;2;1;3;1;1;0
26;5;3;2;1;2;2;0
26;6;1;3;3;1;2;4
26;6;2;1;2;1;2;0
26;6;3;2;1;2;1;0
26;7;1;2;2;1;1;3
26;7;2;3;3;1;1;0
26;7;3;1;1;2;2;0
26;8;1;3;1;1;1;3
26;8;2;2;2;2;2;0
26;8;3;1;3;2;2;0
26;9;1;3;3;2;2;3
26;9;2;2;2;1;2;0
26;9;3;1;1;2;1;0
26;10;1;3;2;2;2;2
26;10;2;1;1;1;1;0
26;10;3;2;3;1;1;0
26;11;1;1;2;2;1;1
26;11;2;3;1;1;2;0
26;11;3;2;3;1;2;0
26;12;1;1;2;1;2;4
26;12;2;3;3;2;1;0
26;12;3;2;1;2;1;0
26;13;1;1;3;1;1;4
26;13;2;2;2;2;1;0
26;13;3;3;1;2;2;0
26;14;1;3;2;2;1;3
26;14;2;2;1;1;2;0
26;14;3;1;3;2;2;0
27;1;1;1;1;2;2;1
27;1;2;3;3;1;1;0
27;1;3;2;2;1;2;0
27;2;1;2;3;2;1;4
27;2;2;1;2;1;2;0
27;2;3;3;1;2;1;0
27;3;1;2;3;1;2;3
27;3;2;3;2;1;1;0
27;3;3;1;1;2;2;0
27;4;1;3;1;1;1;4
27;4;2;2;2;2;2;0
27;4;3;1;3;1;1;0
27;5;1;1;2;1;2;4
27;5;2;2;3;2;1;0
27;5;3;3;1;1;2;0
27;6;1;3;3;1;2;2
27;6;2;1;1;2;1;0
27;6;3;2;2;1;1;0
27;7;1;3;3;2;2;4
27;7;2;1;2;2;1;0
27;7;3;2;1;1;1;0
27;8;1;1;3;2;2;1
27;8;2;3;2;1;1;0
27;8;3;2;1;2;2;0
27;9;1;3;3;2;1;3
27;9;2;1;2;1;2;0
27;9;3;2;1;2;2;0
27;10;1;1;1;1;1;1
27;10;2;2;3;1;1;0
27;10;3;3;2;2;2;0
27;11;1;2;2;2;1;4
27;11;2;1;3;1;2;0
27;11;3;3;1;2;1;0
27;12;1;2;2;1;2;2
27;12;2;1;3;2;1;0
27;12;3;3;1;1;2;0
27;13;1;3;2;2;2;3
27;13;2;2;1;1;1;0
27;13;3;1;3;2;1;0
27;14;1;3;3;2;1;2
27;14;2;2;1;2;2;0
27;14;3;1;2;1;2;0
28;1;1;1;1;2;2;1
28;1;2;3;3;1;1;0
28;1;3;2;2;1;2;0
28;2;1;2;3;2;1;4
28;2;2;1;2;1;2;0
28;2;3;3;1;2;1;0
28;3;1;2;3;1;2;4
28;3;2;3;1;1;1;0
28;3;3;1;2;2;1;0
28;4;1;1;1;1;2;1
28;4;2;3;3;1;2;0
28;4;3;2;2;2;1;0
28;5;1;3;2;1;1;2
28;5;2;1;1;2;2;0
28;5;3;2;3;1;1;0
28;6;1;1;1;1;1;1
28;6;2;3;3;2;2;0
28;6;3;2;2;2;2;0
28;7;1;1;3;2;1;2
28;7;2;2;1;2;2;0
28;7;3;3;2;1;1;0
28;8;1;3;1;2;1;4
28;8;2;2;3;1;2;0
28;8;3;1;2;1;2;0
28;9;1;1;3;1;1;4
28;9;2;3;2;2;2;0
28;9;3;2;1;1;1;0
28;10;1;2;2;1;1;3
28;10;2;3;3;2;2;0
28;10;3;1;1;2;2;0
28;11;1;2;3;2;1;4
28;11;2;1;2;1;2;0
28;11;3;3;1;1;2;0
28;12;1;1;2;2;1;4
28;12;2;3;1;2;1;0
28;12;3;2;3;1;2;0
28;13;1;1;2;2;2;1
28;13;2;2;1;2;2;0
28;13;3;3;3;1;1;0
28;14;1;2;2;1;1;2
28;14;2;1;1;1;1;0
28;14;3;3;3;2;2;0
29;1;1;1;1;2;2;1
29;1;2;3;3;1;1;0
29;1;3;2;2;1;2;0
29;2;1;2;3;2;1;4
29;2;2;1;2;1;2;0
29;2;3;3;1;2;1;0
29;3;1;1;3;2;1;4
29;3;2;3;2;1;2;0
29;3;3;2;1;2;1;0
29;4;1;2;1;1;2;4
29;4;2;3;2;2;1;0
29;4;3;1;3;1;2;0
29;5;1;2;2;2;2;2
29;5;2;1;3;2;2;0
29;5;3;3;1;1;1;0
29;6;1;3;1;2;2;4
29;6;2;1;2;1;1;0
29;6;3;2;3;1;1;0
29;7;1;1;1;2;1;1
29;7;2;2;2;2;1;0
29;7;3;3;3;1;2;0
29;8;1;1;1;1;2;1
29;8;2;3;2;1;2;0
29;8;3;2;3;2;1;0
29;9;1;3;2;1;1;3
29;9;2;2;3;2;2;0
29;9;3;1;1;1;2;0
29;10;1;2;2;1;2;4
29;10;2;1;3;2;1;0
29;10;3;3;1;2;1;0
29;11;1;2;1;1;1;3
29;11;2;3;3;1;1;0
29;11;3;1;2;2;2;0
29;12;1;3;3;2;2;3
29;12;2;1;2;1;1;0
29;12;3;2;1;2;2;0
29;13;1;2;3;1;2;2
29;13;2;1;1;2;2;0
29;13;3;3;2;2;1;0
29;14;1;1;3;1;1;4
29;14;2;2;2;2;2;0
29;14;3;3;1;1;1;0
30;1;1;1;1;2;2;1
30;1;2;3;3;1;1;0
30;1;3;2;2;1;2;0
30;2;1;2;3;2;1;4
30;2;2;1;2;1;2;0
30;2;3;3;1;2;1;0
30;3;1;1;1;1;2;1
30;3;2;3;3;1;2;0
30;3;3;2;2;2;1;0
30;4;1;1;3;2;1;4
30;4;2;2;1;2;1;0
30;4;3;3;2;1;2;0
30;5;1;1;2;2;1;4
30;5;2;2;3;1;1;0
30;5;3;3;1;2;2;0
30;6;1;2;2;1;2;4
30;6;2;1;3;1;2;0
30;6;3;3;1;2;1;0
30;7;1;3;2;2;2;3
30;7;2;2;3;2;2;0
30;7;3;1;1;1;1;0
30;8;1;3;2;1;1;3
30;8;2;2;3;1;1;0
30;8;3;1;1;2;2;0
30;9;1;3;3;2;1;4
30;9;2;2;1;1;2;0
30;9;3;1;2;1;1;0
30;10;1;2;1;1;1;2
30;10;2;1;2;2;2;0
30;10;3;3;3;2;2;0
30;11;1;1;3;2;1;4
30;11;2;3;1;1;2;0
30;11;3;2;2;2;1;0
30;12;1;1;2;1;2;4
30;12;2;3;3;1;2;0
30;12;3;2;1;2;1;0
30;13;1;1;1;2;2;1
30;13;2;2;3;2;2;0
30;13;3;3;2;1;1;0
30;14;1;2;2;2;2;4
30;14;2;3;1;1;1;0
30;14;3;1;3;1;1;0
31;1;1;1;1;2;2;1
31;1;2;3;3;1;1;0
31;1;3;2;2;1;2;0
31;2;1;2;3;2;1;4
31;2;2;1;2;1;2;0
31;2;3;3;1;2;1;0
31;3;1;2;1;1;2;4
31;3;2;1;2;1;2;0
31;3;3;3;3;2;1;0
31;4;1;3;2;2;1;3
31;4;2;2;3;1;2;0
31;4;3;1;1;2;1;0
31;5;1;1;3;2;2;1
31;5;2;3;1;2;2;0
31;5;3;2;2;1;1;0
31;6;1;2;1;1;1;4
31;6;2;1;3;1;1;0
31;6;3;3;2;2;2;0
31;7;1;2;3;2;1;4
31;7;2;1;2;2;1;0
31;7;3;3;1;1;2;0
31;8;1;1;2;1;2;4
31;8;2;3;3;1;2;0
31;8;3;2;1;2;1;0
31;9;1;3;3;2;1;2
31;9;2;1;1;1;1;0
31;9;3;2;2;2;2;0
31;10;1;2;3;1;2;2
31;10;2;1;1;2;2;0
31;10;3;3;2;2;1;0
31;11;1;1;3;2;2;1
31;11;2;2;2;1;1;0
31;11;3;3;1;1;2;0
31;12;1;2;1;2;2;1
31;12;2;1;2;1;1;0
31;12;3;3;3;1;1;0
31;13;1;2;3;1;2;2
31;13;2;1;1;2;1;0
31;13;3;3;2;1;2;0
31;14;1;2;2;2;1;4
31;14;2;3;1;2;1;0
31;14;3;1;3;1;2;0
32;1;1;1;1;2;2;1
32;1;2;3;3;1;1;0
32;1;3;2;2;1;2;0
32;2;1;2;3;2;1;4
32;2;2;1;2;1;2;0
32;2;3;3;1;2;1;0
32;3;1;2;3;2;1;2
32;3;2;1;2;2;2;0
32;3;3;3;1;1;1;0
32;4;1;2;1;1;2;4
32;4;2;3;3;2;1;0
32;4;3;1;2;1;2;0
32;5;1;2;1;1;1;4
32;5;2;1;3;1;1;0
32;5;3;3;2;2;2;0
32;6;1;3;3;2;2;2
32;6;2;1;1;2;2;0
32;6;3;2;2;1;1;0
32;7;1;1;1;2;1;1
32;7;2;3;2;1;1;0
32;7;3;2;3;2;2;0
32;8;1;3;1;1;2;4
32;8;2;2;2;2;1;0
32;8;3;1;3;1;2;0
32;9;1;1;3;1;1;4
32;9;2;2;2;2;2;0
32;9;3;3;1;2;2;0
32;10;1;2;3;2;2;3
32;10;2;3;2;1;1;0
32;10;3;1;1;1;1;0
32;11;1;2;1;1;2;3
32;11;2;3;3;2;1;0
32;11;3;1;2;2;2;0
32;12;1;2;3;1;1;4
32;12;2;1;2;1;1;0
32;12;3;3;1;2;2;0
32;13;1;2;3;1;2;2
32;13;2;1;1;2;1;0
32;13;3;3;2;1;2;0
32;14;1;3;1;2;1;4
32;14;2;1;3;1;2;0
32;14;3;2;2;2;1;0
33;1;1;1;1;2;2;1
33;1;2;3;3;1;1;0
33;1;3;2;2;1;2;0
33;2;1;2;3;2;1;4
33;2;2;1;2;1;2;0
33;2;3;3;1;2;1;0
33;3;1;3;2;1;2;4
33;3;2;1;3;2;1;0
33;3;3;2;1;1;2;0
33;4;1;3;3;2;1;4
33;4;2;2;1;2;1;0
33;4;3;1;2;1;2;0
33;5;1;3;3;1;1;2
33;5;2;1;1;2;2;0
33;5;3;2;2;2;2;0
33;6;1;2;1;1;1;4
33;6;2;3;3;2;2;0
33;6;3;1;2;1;1;0
33;7;1;2;2;2;2;4
33;7;2;1;3;2;1;0
33;7;3;3;1;1;1;0
33;8;1;1;1;1;2;1
33;8;2;3;2;2;1;0
33;8;3;2;3;1;2;0
33;9;1;2;1;1;1;2
33;9;2;1;2;2;2;0
33;9;3;3;3;1;2;0
33;10;1;1;2;2;1;1
33;10;2;3;1;1;2;0
33;10;3;2;3;2;1;0
33;11;1;3;3;1;1;3
33;11;2;2;2;1;1;0
33;11;3;1;1;2;2;0
33;12;1;2;3;2;2;2
33;12;2;1;1;1;1;0
33;12;3;3;2;2;2;0
33;13;1;1;3;2;1;4
33;13;2;2;2;1;2;0
33;13;3;3;1;2;1;0
33;14;1;3;2;1;2;4
33;14;2;2;1;2;1;0
33;14;3;1;3;1;2;0
34;1;1;1;1;2;2;1
34;1;2;3;3;1;1;0
34;1;3;2;2;1;2;0
34;2;1;2;3;2;1;4
34;2;2;1;2;1;2;0
34;2;3;3;1;2;1;0
34;3;1;3;2;1;1;2
34;3;2;2;1;2;2;0
34;3;3;1;3;1;1;0
34;4;1;1;1;2;2;1
34;4;2;2;2;1;1;0
34;4;3;3;3;2;2;0
34;5;1;2;3;2;1;4
34;5;2;3;1;1;2;0
34;5;3;1;2;2;1;0
34;6;1;3;1;2;1;4
34;6;2;2;2;1;2;0
34;6;3;1;3;1;2;0
34;7;1;3;3;2;2;2
34;7;2;1;2;2;2;0
34;7;3;2;1;1;1;0
34;8;1;2;2;2;2;2
34;8;2;1;1;1;1;0
34;8;3;3;3;1;1;0
34;9;1;1;1;1;2;1
34;9;2;2;3;1;2;0
34;9;3;3;2;2;1;0
34;10;1;1;2;2;1;4
34;10;2;2;3;2;1;0
34;10;3;3;1;1;2;0
34;11;1;3;2;1;1;4
34;11;2;2;1;2;2;0
34;11;3;1;3;1;1;0
34;12;1;2;1;1;1;3
34;12;2;3;3;2;2;0
34;12;3;1;2;2;2;0
34;13;1;1;3;1;2;4
34;13;2;3;1;2;1;0
34;13;3;2;2;1;2;0
34;14;1;2;3;2;1;3
34;14;2;3;2;1;2;0
34;14;3;1;1;2;1;0
35;1;1;1;1;2;2;1
35;1;2;3;3;1;1;0
35;1;3;2;2;1;2;0
35;2;1;2;3;2;1;4
35;2;2;1;2;1;2;0
35;2;3;3;1;2;1;0
35;3;1;1;1;2;2;1
35;3;2;3;2;1;1;0
35;3;3;2;3;2;2;0
35;4;1;1;3;1;1;4
35;4;2;3;1;2;2;0
35;4;3;2;2;1;1;0
35;5;1;2;1;1;2;2
35;5;2;1;2;2;1;0
35;5;3;3;3;1;1;0
35;6;1;3;3;2;2;3
35;6;2;2;2;2;2;0
35;6;3;1;1;1;1;0
35;7;1;3;3;2;1;4
35;7;2;1;2;1;2;0
35;7;3;2;1;2;1;0
35;8;1;1;3;1;2;4
35;8;2;2;2;2;1;0
35;8;3;3;1;1;2;0
35;9;1;2;3;1;1;3
35;9;2;3;2;2;1;0
35;9;3;1;1;2;2;0
35;10;1;2;1;1;2;4
35;10;2;3;2;1;2;0
35;10;3;1;3;2;1;0
35;11;1;1;2;2;2;1
35;11;2;2;3;2;2;0
35;11;3;3;1;1;1;0
35;12;1;2;2;1;1;3
35;12;2;3;3;2;2;0
35;12;3;1;1;1;1;0
35;13;1;3;1;2;1;4
35;13;2;2;2;2;1;0
35;13;3;1;3;1;2;0
35;14;1;3;2;1;2;3
35;14;2;2;3;1;2;0
35;14;3;1;1;2;1;0
36;1;1;1;1;2;2;1
36;1;2;3;3;1;1;0
36;1;3;2;2;1;2;0
36;2;1;2;3;2;1;4
36;2;2;1;2;1;2;0
36;2;3;3;1;2;1;0
36;3;1;1;2;1;1;4
36;3;2;3;3;1;1;0
36;3;3;2;1;2;2;0
36;4;1;2;3;1;1;2
36;4;2;1;2;2;2;0
36;4;3;3;1;2;2;0
36;5;1;3;2;1;1;4
36;5;2;1;3;2;1;0
36;5;3;2;1;1;2;0
36;6;1;1;2;2;2;1
36;6;2;3;3;2;2;0
36;6;3;2;1;1;1;0
36;7;1;1;3;1;2;4
36;7;2;2;2;2;1;0
36;7;3;3;1;1;2;0
36;8;1;2;3;2;1;4
36;8;2;3;1;2;1;0
36;8;3;1;2;1;2;0
36;9;1;3;2;2;2;4
36;9;2;1;1;1;1;0
36;9;3;2;3;1;2;0
36;10;1;3;2;1;2;3
36;10;2;1;3;2;1;0
36;10;3;2;1;2;2;0
36;11;1;2;2;2;1;2
36;11;2;1;1;2;2;0
36;11;3;3;3;1;1;0
36;12;1;3;3;2;2;4
36;12;2;1;2;1;1;0
36;12;3;2;1;1;1;0
36;13;1;2;3;1;2;4
36;13;2;1;2;1;1;0
36;13;3;3;1;2;1;0
36;14;1;3;1;1;1;4
36;14;2;1;3;2;2;0
36;14;3;2;2;2;2;0
37;1;1;1;1;2;2;1
37;1;2;3;3;1;1;0
37;1;3;2;2;1;2;0
37;2;1;2;3;2;1;4
37;2;2;1;2;1;2;0
37;2;3;3;1;2;1;0
37;3;1;3;3;2;1;2
37;3;2;1;1;1;2;0
37;3;3;2;2;1;2;0
37;4;1;2;2;2;1;2
37;4;2;1;1;2;1;0
37;4;3;3;3;1;2;0
37;5;1;3;2;2;2;3
37;5;2;1;3;1;1;0
37;5;3;2;1;2;2;0
37;6;1;1;3;2;2;4
37;6;2;3;2;1;1;0
37;6;3;2;1;1;1;0
37;7;1;2;3;2;1;3
37;7;2;3;2;1;2;0
37;7;3;1;1;1;2;0
37;8;1;3;1;2;1;4
37;8;2;2;3;1;2;0
37;8;3;1;2;2;1;0
37;9;1;2;3;1;1;3
37;9;2;3;1;2;2;0
37;9;3;1;2;2;2;0
37;10;1;3;2;1;1;4
37;10;2;1;3;1;1;0
37;10;3;2;1;2;2;0
37;11;1;2;2;2;1;2
37;11;2;1;1;1;2;0
37;11;3;3;3;2;1;0
37;12;1;3;3;1;2;3
37;12;2;2;2;1;2;0
37;12;3;1;1;2;1;0
37;13;1;2;1;1;1;3
37;13;2;3;2;2;1;0
37;13;3;1;3;2;2;0
37;14;1;1;2;1;2;4
37;14;2;3;1;1;2;0
37;14;3;2;3;2;1;0
38;1;1;1;1;2;2;1
38;1;2;3;3;1;1;0
38;1;3;2;2;1;2;0
38;2;1;2;3;2;1;4
38;2;2;1;2;1;2;0
38;2;3;3;1;2;1;0
38;3;1;1;3;1;1;4
38;3;2;3;1;2;2;0
38;3;3;2;2;2;2;0
38;4;1;2;3;2;2;2
38;4;2;1;1;1;1;0
38;4;3;3;2;1;1;0
38;5;1;3;3;2;2;4
38;5;2;2;1;1;2;0
38;5;3;1;2;2;1;0
38;6;1;1;1;2;2;1
38;6;2;3;2;1;1;0
38;6;3;2;3;1;1;0
38;7;1;2;2;1;2;4
38;7;2;3;1;2;1;0
38;7;3;1;3;1;2;0
38;8;1;2;2;2;1;4
38;8;2;1;3;2;1;0
38;8;3;3;1;1;2;0
38;9;1;1;2;2;2;1
38;9;2;3;3;2;1;0
38;9;3;2;1;1;1;0
38;10;1;3;3;1;2;3
38;10;2;2;2;1;2;0
38;10;3;1;1;2;1;0
38;11;1;3;1;2;2;4
38;11;2;2;3;2;2;0
38;11;3;1;2;1;1;0
38;12;1;3;3;1;1;2
38;12;2;1;2;2;2;0
38;12;3;2;1;1;1;0
38;13;1;1;1;1;2;1
38;13;2;2;3;2;1;0
38;13;3;3;2;1;2;0
38;14;1;2;1;2;1;4
38;14;2;1;3;1;2;0
38;14;3;3;2;2;1;0
39;1;1;1;1;2;2;1
39;1;2;3;3;1;1;0
39;1;3;2;2;1;2;0
39;2;1;2;3;2;1;4
39;2;2;1;2;1;2;0
39;2;3;3;1;2;1;0
39;3;1;3;3;1;1;2
39;3;2;1;1;1;1;0
39;3;3;2;2;2;2;0
39;4;1;3;1;2;2;4
39;4;2;1;2;1;1;0
39;4;3;2;3;2;2;0
39;5;1;1;3;2;1;4
39;5;2;2;1;1;2;0
39;5;3;3;2;2;2;0
39;6;1;3;3;1;1;2
39;6;2;1;1;2;2;0
39;6;3;2;2;1;1;0
39;7;1;1;2;1;2;4
39;7;2;3;1;2;1;0
39;7;3;2;3;1;2;0
39;8;1;3;3;1;2;3
39;8;2;2;2;2;1;0
39;8;3;1;1;2;1;0
39;9;1;2;1;1;1;3
39;9;2;3;2;2;1;0
39;9;3;1;3;2;2;0
39;10;1;2;2;1;2;2
39;10;2;1;3;2;1;0
39;10;3;3;1;1;2;0
39;11;1;3;1;2;2;4
39;11;2;1;2;1;1;0
39;11;3;2;3;2;2;0
39;12;1;2;1;1;1;2
39;12;2;1;2;2;2;0
39;12;3;3;3;1;1;0
39;13;1;1;1;1;2;1
39;13;2;3;2;1;2;0
39;13;3;2;3;2;1;0
39;14;1;3;2;2;1;4
39;14;2;2;1;2;1;0
39;14;3;1;3;1;2;0
40;1;1;1;1;2;2;1
40;1;2;3;3;1;1;0
40;1;3;2;2;1;2;0
40;2;1;2;3;2;1;4
40;2;2;1;2;1;2;0
40;2;3;3;1;2;1;0
40;3;1;3;2;2;2;3
40;3;2;2;3;2;2;0
40;3;3;1;1;1;1;0
40;4;1;3;3;1;1;2
40;4;2;2;1;2;2;0
40;4;3;1;2;1;1;0
40;5;1;3;1;1;2;4
40;5;2;1;3;2;1;0
40;5;3;2;2;1;2;0
40;6;1;3;2;2;1;4
40;6;2;2;1;2;1;0
40;6;3;1;3;1;2;0
40;7;1;3;1;1;1;2
40;7;2;1;2;2;2;0
40;7;3;2;3;1;1;0
40;8;1;3;3;2;2;2
40;8;2;1;1;2;2;0
40;8;3;2;2;1;1;0
40;9;1;3;1;2;1;4
40;9;2;2;2;1;2;0
40;9;3;1;3;2;1;0
40;10;1;2;1;1;2;2
40;10;2;1;2;2;1;0
40;10;3;3;3;1;2;0
40;11;1;2;3;2;2;2
40;11;2;1;1;1;1;0
40;11;3;3;2;1;1;0
40;12;1;2;2;2;2;4
40;12;2;3;1;2;2;0
40;12;3;1;3;1;1;0
40;13;1;3;3;1;1;2
40;13;2;1;2;1;2;0
40;13;3;2;1;2;1;0
40;14;1;3;1;2;2;3
40;14;2;2;2;1;1;0
40;14;3;1;3;2;2;0
41;1;1;1;1;2;2;1
41;1;2;3;3;1;1;0
41;1;3;2;2;1;2;0
41;2;1;2;3;2;1;4
41;2;2;1;2;1;2;0
41;2;3;3;1;2;1;0
41;3;1;2;3;1;2;2
41;3;2;1;1;1;2;0
41;3;3;3;2;2;1;0
41;4;1;1;1;2;1;1
41;4;2;2;3;2;1;0
41;4;3;3;2;1;2;0
41;5;1;3;3;2;2;2
41;5;2;1;2;2;2;0
41;5;3;2;1;1;1;0
41;6;1;3;3;1;1;3
41;6;2;1;2;1;1;0
41;6;3;2;1;2;2;0
41;7;1;1;3;1;2;4
41;7;2;2;2;2;1;0
41;7;3;3;1;1;2;0
41;8;1;3;3;2;1;3
41;8;2;2;1;1;2;0
41;8;3;1;2;2;1;0
41;9;1;3;2;2;2;3
41;9;2;2;3;2;1;0
41;9;3;1;1;1;1;0
41;10;1;2;2;1;2;4
41;10;2;1;3;1;2;0
41;10;3;3;1;2;1;0
41;11;1;3;2;1;1;2
41;11;2;1;1;2;2;0
41;11;3;2;3;1;1;0
41;12;1;3;3;2;2;3
41;12;2;2;2;2;2;0
41;12;3;1;1;1;1;0
41;13;1;2;3;1;1;4
41;13;2;1;2;2;1;0
41;13;3;3;1;1;2;0
41;14;1;2;1;2;2;2
41;14;2;1;3;2;2;0
41;14;3;3;2;1;1;0
42;1;1;1;1;2;2;1
42;1;2;3;3;1;1;0
42;1;3;2;2;1;2;0
42;2;1;2;3;2;1;4
42;2;2;1;2;1;2;0
42;2;3;3;1;2;1;0
42;3;1;3;2;1;2;2
42;3;2;1;1;2;1;0
42;3;3;2;3;1;2;0
42;4;1;3;3;2;1;4
42;4;2;2;1;2;1;0
42;4;3;1;2;1;2;0
42;5;1;2;2;2;2;4
42;5;2;1;3;2;1;0
42;5;3;3;1;1;1;0
42;6;1;1;3;1;2;4
42;6;2;2;1;1;2;0
42;6;3;3;2;2;1;0
42;7;1;3;1;2;2;2
42;7;2;1;3;2;2;0
42;7;3;2;2;1;1;0
42;8;1;3;2;2;2;2
42;8;2;1;1;1;1;0
42;8;3;2;3;1;1;0
42;9;1;3;3;1;2;2
42;9;2;1;1;2;1;0
42;9;3;2;2;2;1;0
42;10;1;1;2;1;2;4
42;10;2;3;3;2;1;0
42;10;3;2;1;1;2;0
42;11;1;1;2;1;1;4
42;11;2;2;3;2;2;0
42;11;3;3;1;1;1;0
42;12;1;3;3;1;1;3
42;12;2;2;1;2;2;0
42;12;3;1;2;2;2;0
42;13;1;2;3;2;1;4
42;13;2;3;1;1;2;0
42;13;3;1;2;1;1;0
42;14;1;1;1;2;2;1
42;14;2;2;3;1;1;0
42;14;3;3;2;2;2;0
43;1;1;1;1;2;2;1
43;1;2;3;3;1;1;0
43;1;3;2;2;1;2;0
43;2;1;2;3;2;1;4
43;2;2;1;2;1;2;0
43;2;3;3;1;2;1;0
43;3;1;1;3;1;2;1
43;3;2;2;2;1;2;0
43;3;3;3;1;2;1;0
43;4;1;3;3;1;2;2
43;4;2;1;1;2;1;0
43;4;3;2;2;2;1;0
43;5;1;3;2;1;2;2
43;5;2;1;3;2;2;0
43;5;3;2;1;1;1;0
43;6;1;3;3;2;1;4
43;6;2;2;1;1;2;0
43;6;3;1;2;2;1;0
43;7;1;3;3;1;1;3
43;7;2;2;2;2;2;0
43;7;3;1;1;1;1;0
43;8;1;2;3;2;2;4
43;8;2;1;2;1;1;0
43;8;3;3;1;2;2;0
43;9;1;3;1;1;1;4
43;9;2;2;2;2;1;0
43;9;3;1;3;1;2;0
43;10;1;3;2;2;2;3
43;10;2;2;3;1;1;0
43;10;3;1;1;2;2;0
43;11;1;3;2;1;2;4
43;11;2;1;3;2;1;0
43;11;3;2;1;1;2;0
43;12;1;1;2;1;2;1
43;12;2;2;3;2;1;0
43;12;3;3;1;2;1;0
43;13;1;2;2;1;1;3
43;13;2;3;3;2;2;0
43;13;3;1;1;1;1;0
43;14;1;2;1;2;2;4
43;14;2;1;3;2;2;0
43;14;3;3;2;1;1;0
44;1;1;1;1;2;2;1
44;1;2;3;3;1;1;0
44;1;3;2;2;1;2;0
44;2;1;2;3;2;1;4
44;2;2;1;2;1;2;0
44;2;3;3;1;2;1;0
44;3;1;3;3;1;2;3
44;3;2;2;1;2;1;0
44;3;3;1;2;2;1;0
44;4;1;2;3;1;2;2
44;4;2;1;1;1;2;0
44;4;3;3;2;2;1;0
44;5;1;1;3;1;1;4
44;5;2;2;2;2;2;0
44;5;3;3;1;1;1;0
44;6;1;3;3;2;2;3
44;6;2;2;2;1;1;0
44;6;3;1;1;2;2;0
44;7;1;2;3;2;1;3
44;7;2;3;2;1;2;0
44;7;3;1;1;2;1;0
44;8;1;3;2;2;1;4
44;8;2;1;3;1;2;0
44;8;3;2;1;1;2;0
44;9;1;3;1;1;1;2
44;9;2;1;2;2;2;0
44;9;3;2;3;2;1;0
44;10;1;2;2;1;2;2
44;10;2;1;3;1;2;0
44;10;3;3;1;2;1;0
44;11;1;2;3;1;1;4
44;11;2;1;2;1;1;0
44;11;3;3;1;2;2;0
44;12;1;3;3;1;1;3
44;12;2;2;2;2;2;0
44;12;3;1;1;2;2;0
44;13;1;1;3;2;1;1
44;13;2;2;1;1;2;0
44;13;3;3;2;2;2;0
44;14;1;2;1;1;1;4
44;14;2;3;3;2;2;0
44;14;3;1;2;1;1;0
45;1;1;1;1;2;2;1
45;1;2;3;3;1;1;0
45;1;3;2;2;1;2;0
45;2;1;2;3;2;1;4
45;2;2;1;2;1;2;0
45;2;3;3;1;2;1;0
45;3;1;3;1;1;2;3
45;3;2;2;3;2;1;0
45;3;3;1;2;2;1;0
45;4;1;1;3;1;2;1
45;4;2;3;2;1;2;0
45;4;3;2;1;2;1;0
45;5;1;3;3;1;1;3
45;5;2;2;2;2;2;0
45;5;3;1;1;2;2;0
45;6;1;3;3;2;2;2
45;6;2;1;1;1;1;0
45;6;3;2;2;1;1;0
45;7;1;3;2;2;1;4
45;7;2;2;1;1;2;0
45;7;3;1;3;2;1;0
45;8;1;3;1;2;1;4
45;8;2;1;2;1;2;0
45;8;3;2;3;1;2;0
45;9;1;2;1;2;2;2
45;9;2;1;2;2;2;0
45;9;3;3;3;1;1;0
45;10;1;2;3;2;2;2
45;10;2;1;1;1;1;0
45;10;3;3;2;1;1;0
45;11;1;1;3;2;1;4
45;11;2;2;2;2;1;0
45;11;3;3;1;1;2;0
45;12;1;1;3;1;2;4
45;12;2;2;2;1;2;0
45;12;3;3;1;2;1;0
45;13;1;3;2;2;2;3
45;13;2;2;3;1;1;0
45;13;3;1;1;2;1;0
45;14;1;1;2;1;2;4
45;14;2;2;1;2;1;0
45;14;3;3;3;1;2;0
46;1;1;1;1;2;2;1
46;1;2;3;3;1;1;0
46;1;3;2;2;1;2;0
46;2;1;2;3;2;1;4
46;2;2;1;2;1;2;0
46;2;3;3;1;2;1;0
46;3;1;1;1;1;2;1
46;3;2;3;2;1;1;0
46;3;3;2;3;2;2;0
46;4;1;3;1;1;2;4
46;4;2;1;2;2;1;0
46;4;3;2;3;2;1;0
46;5;1;1;2;1;1;4
46;5;2;3;3;2;2;0
46;5;3;2;1;1;1;0
46;6;1;1;1;2;2;1
46;6;2;3;3;1;1;0
46;6;3;2;2;2;2;0
46;7;1;2;1;1;1;4
46;7;2;3;2;2;1;0
46;7;3;1;3;1;2;0
46;8;1;1;3;1;1;4
46;8;2;2;2;2;2;0
46;8;3;3;1;2;2;0
46;9;1;3;1;2;1;4
46;9;2;2;2;1;2;0
46;9;3;1;3;2;1;0
46;10;1;2;1;1;2;2
46;10;2;1;2;2;1;0
46;10;3;3;3;1;2;0
46;11;1;2;2;1;1;2
46;11;2;1;3;2;2;0
46;11;3;3;1;1;1;0
46;12;1;3;2;2;2;3
46;12;2;2;3;1;1;0
46;12;3;1;1;2;2;0
46;13;1;1;2;1;2;4
46;13;2;2;3;2;1;0
46;13;3;3;1;1;2;0
46;14;1;2;1;2;1;4
46;14;2;3;2;1;2;0
46;14;3;1;3;2;1;0
47;1;1;1;1;2;2;1
47;1;2;3;3;1;1;0
47;1;3;2;2;1;2;0
47;2;1;2;3;2;1;4
47;2;2;1;2;1;2;0
47;2;3;3;1;2;1;0
47;3;1;1;2;1;1;4
47;3;2;2;1;2;2;0
47;3;3;3;3;2;2;0
47;4;1;2;2;2;2;2
47;4;2;1;1;1;1;0
47;4;3;3;3;1;1;0
47;5;1;2;3;1;2;2
47;5;2;1;1;2;2;0
47;5;3;3;2;2;1;0
47;6;1;3;2;1;1;3
47;6;2;2;1;1;1;0
47;6;3;1;3;2;2;0
47;7;1;3;3;2;1;4
47;7;2;1;2;1;2;0
47;7;3;2;1;2;1;0
47;8;1;2;3;1;2;2
47;8;2;1;2;2;1;0
47;8;3;3;1;1;2;0
47;9;1;2;2;2;2;3
47;9;2;3;3;2;2;0
47;9;3;1;1;1;1;0
47;10;1;1;2;1;1;4
47;10;2;2;3;1;1;0
47;10;3;3;1;2;2;0
47;11;1;3;2;2;1;4
47;11;2;2;1;1;2;0
47;11;3;1;3;1;2;0
47;12;1;2;2;1;2;2
47;12;2;1;1;2;1;0
47;12;3;3;3;2;1;0
47;13;1;1;3;1;2;4
47;13;2;2;2;2;1;0
47;13;3;3;1;1;1;0
47;14;1;1;1;2;2;1
47;14;2;3;2;1;1;0
47;14;3;2;3;2;2;0
48;1;1;1;1;2;2;1
48;1;2;3;3;1;1;0
48;1;3;2;2;1;2;0
48;2;1;2;3;2;1;4
48;2;2;1;2;1;2;0
48;2;3;3;1;2;1;0
48;3;1;1;1;1;2;1
48;3;2;3;2;2;2;0
48;3;3;2;3;1;1;0
48;4;1;2;1;2;1;4
48;4;2;1;3;2;1;0
48;4;3;3;2;1;2;0
48;5;1;3;3;2;2;2
48;5;2;1;1;1;1;0
48;5;3;2;2;1;1;0
48;6;1;3;3;1;1;2
48;6;2;1;2;2;2;0
48;6;3;2;1;2;2;0
48;7;1;2;2;2;1;4
48;7;2;3;1;1;2;0
48;7;3;1;3;1;2;0
48;8;1;2;2;1;2;4
48;8;2;1;3;2;1;0
48;8;3;3;1;2;1;0
48;9;1;3;1;1;2;3
48;9;2;2;3;1;1;0
48;9;3;1;2;2;2;0
48;10;1;2;3;1;2;3
48;10;2;3;2;2;1;0
48;10;3;1;1;2;1;0
48;11;1;2;1;2;2;4
48;11;2;3;3;2;2;0
48;11;3;1;2;1;1;0
48;12;1;1;3;1;1;4
48;12;2;2;2;2;2;0
48;12;3;3;1;1;1;0
48;13;1;2;3;2;1;4
48;13;2;1;2;1;2;0
48;13;3;3;1;2;1;0
48;14;1;1;1;1;2;1
48;14;2;3;3;1;2;0
48;14;3;2;2;2;1;0
49;1;1;1;1;2;2;1
49;1;2;3;3;1;1;0
49;1;3;2;2;1;2;0
49;2;1;2;3;2;1;4
49;2;2;1;2;1;2;0
49;2;3;3;1;2;1;0
49;3;1;2;1;1;1;2
49;3;2;1;3;2;2;0
49;3;3;3;2;1;1;0
49;4;1;2;1;2;2;1
49;4;2;3;3;2;2;0
49;4;3;1;2;1;1;0
49;5;1;1;1;2;1;1
49;5;2;2;3;1;1;0
49;5;3;3;2;1;2;0
49;6;1;3;1;1;1;2
49;6;2;1;2;2;2;0
49;6;3;2;3;2;2;0
49;7;1;1;2;1;2;4
49;7;2;2;1;1;2;0
49;7;3;3;3;2;1;0
49;8;1;2;2;2;1;4
49;8;2;1;3;2;1;0
49;8;3;3;1;1;2;0
49;9;1;3;2;2;2;3
49;9;2;2;3;1;1;0
49;9;3;1;1;2;2;0
49;10;1;1;3;1;1;2
49;10;2;2;1;2;2;0
49;10;3;3;2;1;1;0
49;11;1;1;1;2;1;1
49;11;2;2;3;1;2;0
49;11;3;3;2;2;1;0
49;12;1;3;3;2;1;3
49;12;2;2;2;1;2;0
49;12;3;1;1;1;2;0
49;13;1;2;1;1;1;4
49;13;2;3;3;2;2;0
49;13;3;1;2;1;1;0
49;14;1;3;1;1;1;3
49;14;2;2;2;2;2;0
49;14;3;1;3;2;2;0
50;1;1;1;1;2;2;1
50;1;2;3;3;1;1;0
50;1;3;2;2;1;2;0
50;2;1;2;3;2;1;4
50;2;2;1;2;1;2;0
50;2;3;3;1;2;1;0
50;3;1;1;2;1;2;1
50;3;2;2;1;2;1;0
50;3;3;3;3;1;2;0
50;4;1;3;1;1;2;2
50;4;2;1;3;2;1;0
50;4;3;2;2;2;1;0
50;5;1;2;3;1;1;2
50;5;2;1;1;2;2;0
50;5;3;3;2;2;2;0
50;6;1;2;3;2;2;4
50;6;2;3;1;2;1;0
50;6;3;1;2;1;1;0
50;7;1;3;2;2;1;4
50;7;2;2;1;1;1;0
50;7;3;1;3;1;2;0
50;8;1;2;2;1;2;2
50;8;2;1;1;2;1;0
50;8;3;3;3;1;2;0
50;9;1;2;3;1;1;3
50;9;2;3;2;1;2;0
50;9;3;1;1;2;2;0
50;10;1;1;2;2;1;1
50;10;2;2;1;1;2;0
50;10;3;3;3;2;1;0
50;11;1;2;2;2;2;4
50;11;2;1;3;1;1;0
50;11;3;3;1;1;1;0
50;12;1;3;1;2;2;3
50;12;2;2;2;1;1;0
50;12;3;1;3;2;2;0
50;13;1;2;3;2;1;2
50;13;2;1;2;1;2;0
50;13;3;3;1;2;2;0
50;14;1;2;2;2;2;2
50;14;2;1;1;1;1;0
50;14;3;3;3;1;1;0
51;1;1;1;1;2;2;2
51;1;2;3;3;1;1;0
51;1;3;2;2;1;2;0
51;2;1;2;3;2;1;4
51;2;2;1;2;1;2;0
51;2;3;3;1;2;1;0
51;3;1;1;3;1;2;4
51;3;2;3;2;2;1;0
51;3;3;2;1;1;2;0
51;4;1;3;2;1;2;3
51;4;2;2;1;2;1;0
51;4;3;1;3;2;1;0
51;5;1;1;2;1;1;2
51;5;2;2;1;1;1;0
51;5;3;3;3;2;2;0
51;6;1;1;1;2;2;3
51;6;2;2;2;2;2;0
51;6;3;3;3;1;1;0
51;7;1;2;3;1;2;4
51;7;2;1;1;1;2;0
51;7;3;3;2;2;1;0
51;8;1;1;1;2;1;2
51;8;2;2;3;2;1;0
51;8;3;3;2;1;2;0
51;9;1;2;1;1;1;1
51;9;2;1;2;1;1;0
51;9;3;3;3;2;2;0
51;10;1;2;2;2;2;2
51;10;2;3;3;1;1;0
51;10;3;1;1;2;2;0
51;11;1;1;3;1;2;4
51;11;2;3;1;2;1;0
51;11;3;2;2;2;1;0
51;12;1;3;1;1;2;4
51;12;2;2;3;1;2;0
51;12;3;1;2;2;1;0
51;13;1;1;3;2;2;2
51;13;2;3;2;1;1;0
51;13;3;2;1;2;1;0
51;14;1;2;1;1;2;4
51;14;2;3;2;1;2;0
51;14;3;1;3;2;1;0
52;1;1;1;1;2;2;2
52;1;2;3;3;1;1;0
52;1;3;2;2;1;2;0
52;2;1;2;3;2;1;4
52;2;2;1;2;1;2;0
52;2;3;3;1;2;1;0
52;3;1;2;3;2;2;2
52;3;2;1;2;1;1;0
52;3;3;3;1;2;2;0
52;4;1;2;3;1;1;1
52;4;2;3;1;1;1;0
52;4;3;1;2;2;2;0
52;5;1;2;2;1;1;1
52;5;2;3;3;2;1;0
52;5;3;1;1;1;2;0
52;6;1;2;3;2;2;2
52;6;2;1;1;1;1;0
52;6;3;3;2;2;2;0
52;7;1;2;1;2;1;4
52;7;2;3;3;1;2;0
52;7;3;1;2;2;1;0
52;8;1;1;3;1;2;4
52;8;2;3;1;2;1;0
52;8;3;2;2;1;2;0
52;9;1;1;3;1;1;1
52;9;2;3;2;1;1;0
52;9;3;2;1;2;2;0
52;10;1;2;3;1;1;1
52;10;2;3;1;2;2;0
52;10;3;1;2;2;2;0
52;11;1;1;1;1;2;4
52;11;2;3;3;2;1;0
52;11;3;2;2;1;2;0
52;12;1;3;3;1;2;4
52;12;2;2;2;2;1;0
52;12;3;1;1;2;1;0
52;13;1;2;3;2;2;3
52;13;2;1;2;2;2;0
52;13;3;3;1;1;1;0
52;14;1;1;2;1;1;3
52;14;2;3;3;2;2;0
52;14;3;2;1;1;1;0
53;1;1;1;1;2;2;2
53;1;2;3;3;1;1;0
53;1;3;2;2;1;2;0
53;2;1;2;3;2;1;4
53;2;2;1;2;1;2;0
53;2;3;3;1;2;1;0
53;3;1;1;3;2;1;4
53;3;2;3;2;1;2;0
53;3;3;2;1;1;2;0
53;4;1;1;1;1;2;4
53;4;2;3;2;2;1;0
53;4;3;2;3;2;1;0
53;5;1;2;2;2;2;3
53;5;2;3;1;2;2;0
53;5;3;1;3;1;1;0
53;6;1;3;3;1;1;1
53;6;2;1;1;2;2;0
53;6;3;2;2;1;1;0
53;7;1;3;2;2;1;4
53;7;2;1;3;1;2;0
53;7;3;2;1;2;1;0
53;8;1;1;1;2;1;4
53;8;2;3;3;1;2;0
53;8;3;2;2;1;2;0
53;9;1;2;3;2;2;2
53;9;2;3;1;1;1;0
53;9;3;1;2;2;2;0
53;10;1;3;1;2;2;2
53;10;2;2;3;1;1;0
53;10;3;1;2;1;1;0
53;11;1;2;1;1;2;4
53;11;2;1;3;2;1;0
53;11;3;3;2;1;2;0
53;12;1;2;3;2;1;4
53;12;2;3;2;2;1;0
53;12;3;1;1;1;2;0
53;13;1;1;3;2;2;2
53;13;2;2;1;1;1;0
53;13;3;3;2;1;1;0
53;14;1;1;1;1;1;1
53;14;2;3;3;2;2;0
53;14;3;2;2;2;2;0
54;1;1;1;1;2;2;2
54;1;2;3;3;1;1;0
54;1;3;2;2;1;2;0
54;2;1;2;3;2;1;4
54;2;2;1;2;1;2;0
54;2;3;3;1;2;1;0
54;3;1;2;3;1;2;4
54;3;2;1;2;1;2;0
54;3;3;3;1;2;1;0
54;4;1;2;1;2;1;4
54;4;2;1;2;2;1;0
54;4;3;3;3;1;2;0
54;5;1;3;1;2;2;3
54;5;2;2;2;1;1;0
54;5;3;1;3;1;1;0
54;6;1;3;3;1;1;1
54;6;2;2;2;2;2;0
54;6;3;1;1;2;2;0
54;7;1;3;1;1;2;4
54;7;2;2;3;2;1;0
54;7;3;1;2;2;1;0
54;8;1;2;2;1;2;4
54;8;2;3;1;2;1;0
54;8;3;1;3;1;2;0
54;9;1;3;3;2;2;2
54;9;2;2;1;1;1;0
54;9;3;1;2;1;1;0
54;10;1;1;1;2;2;2
54;10;2;3;2;1;1;0
54;10;3;2;3;2;2;0
54;11;1;2;1;1;2;4
54;11;2;1;3;2;1;0
54;11;3;3;2;2;2;0
54;12;1;2;2;2;2;3
54;12;2;3;1;1;1;0
54;12;3;1;3;1;1;0
54;13;1;3;2;2;1;4
54;13;2;1;1;1;2;0
54;13;3;2;3;2;1;0
54;14;1;3;3;1;2;4
54;14;2;2;1;2;1;0
54;14;3;1;2;1;2;0
55;1;1;1;1;2;2;2
55;1;2;3;3;1;1;0
55;1;3;2;2;1;2;0
55;2;1;2;3;2;1;4
55;2;2;1;2;1;2;0
55;2;3;3;1;2;1;0
55;3;1;2;3;1;2;2
55;3;2;3;1;1;1;0
55;3;3;1;2;2;1;0
55;4;1;1;1;2;2;2
55;4;2;2;2;1;1;0
55;4;3;3;3;2;2;0
55;5;1;1;3;2;1;1
55;5;2;2;1;1;2;0
55;5;3;3;2;1;2;0
55;6;1;2;1;2;1;4
55;6;2;1;2;1;2;0
55;6;3;3;3;2;1;0
55;7;1;3;2;2;2;2
55;7;2;2;3;1;1;0
55;7;3;1;1;1;1;0
55;8;1;2;2;2;2;2
55;8;2;3;1;1;1;0
55;8;3;1;3;2;2;0
55;9;1;3;1;2;2;2
55;9;2;1;2;1;1;0
55;9;3;2;3;1;2;0
55;10;1;2;2;2;1;4
55;10;2;1;1;2;1;0
55;10;3;3;3;1;2;0
55;11;1;3;2;2;1;2
55;11;2;2;3;1;1;0
55;11;3;1;1;1;2;0
55;12;1;3;3;1;1;1
55;12;2;1;2;2;2;0
55;12;3;2;1;2;2;0
55;13;1;1;3;2;1;2
55;13;2;2;1;1;1;0
55;13;3;3;2;1;2;0
55;14;1;2;1;2;2;2
55;14;2;1;2;1;1;0
55;14;3;3;3;2;2;0
56;1;1;1;1;2;2;2
56;1;2;3;3;1;1;0
56;1;3;2;2;1;2;0
56;2;1;2;3;2;1;4
56;2;2;1;2;1;2;0
56;2;3;3;1;2;1;0
56;3;1;2;2;2;1;4
56;3;2;3;1;2;1;0
56;3;3;1;3;1;2;0
56;4;1;1;3;2;1;1
56;4;2;3;1;1;2;0
56;4;3;2;2;1;2;0
56;5;1;1;1;2;2;3
56;5;2;3;2;1;1;0
56;5;3;2;3;1;1;0
56;6;1;1;1;1;1;1
56;6;2;3;2;2;2;0
56;6;3;2;3;2;2;0
56;7;1;3;1;2;1;4
56;7;2;1;2;1;2;0
56;7;3;2;3;1;2;0
56;8;1;1;3;2;1;4
56;8;2;2;2;2;1;0
56;8;3;3;1;1;2;0
56;9;1;2;1;2;2;2
56;9;2;3;3;1;1;0
56;9;3;1;2;1;2;0
56;10;1;3;2;2;1;4
56;10;2;2;1;2;1;0
56;10;3;1;3;1;2;0
56;11;1;1;1;2;2;2
56;11;2;2;2;1;1;0
56;11;3;3;3;2;2;0
56;12;1;1;3;1;1;1
56;12;2;2;2;2;2;0
56;12;3;3;1;1;1;0
56;13;1;2;1;1;2;2
56;13;2;1;3;2;1;0
56;13;3;3;2;2;1;0
56;14;1;3;1;1;2;4
56;14;2;2;3;2;1;0
56;14;3;1;2;1;2;0
57;1;1;1;1;2;2;2
57;1;2;3;3;1;1;0
57;1;3;2;2;1;2;0
57;2;1;2;3;2;1;4
57;2;2;1;2;1;2;0
57;2;3;3;1;2;1;0
57;3;1;1;2;2;2;3
57;3;2;3;3;2;2;0
57;3;3;2;1;1;1;0
57;4;1;2;3;1;1;1
57;4;2;3;2;1;1;0
57;4;3;1;1;2;2;0
57;5;1;2;2;1;2;4
57;5;2;3;3;1;2;0
57;5;3;1;1;2;1;0
57;6;1;3;2;2;1;4
57;6;2;1;1;2;1;0
57;6;3;2;3;1;2;0
57;7;1;1;2;1;1;1
57;7;2;3;3;2;2;0
57;7;3;2;1;2;2;0
57;8;1;2;2;2;2;3
57;8;2;3;1;1;1;0
57;8;3;1;3;1;1;0
57;9;1;2;3;2;1;4
57;9;2;1;1;1;2;0
57;9;3;3;2;2;1;0
57;10;1;2;2;1;2;4
57;10;2;1;3;2;1;0
57;10;3;3;1;1;2;0
57;11;1;1;2;2;2;3
57;11;2;3;3;2;2;0
57;11;3;2;1;1;1;0
57;12;1;1;3;1;1;1
57;12;2;2;1;2;2;0
57;12;3;3;2;1;1;0
57;13;1;3;1;2;1;2
57;13;2;2;2;1;1;0
57;13;3;1;3;1;2;0
57;14;1;1;2;2;2;2
57;14;2;3;1;1;1;0
57;14;3;2;3;2;2;0
58;1;1;1;1;2;2;2
58;1;2;3;3;1;1;0
58;1;3;2;2;1;2;0
58;2;1;2;3;2;1;4
58;2;2;1;2;1;2;0
58;2;3;3;1;2;1;0
58;3;1;3;3;1;2;4
58;3;2;2;2;2;1;0
58;3;3;1;1;2;1;0
58;4;1;1;2;1;2;4
58;4;2;2;3;2;1;0
58;4;3;3;1;1;2;0
58;5;1;3;2;2;2;3
58;5;2;1;3;2;1;0
58;5;3;2;1;1;1;0
58;6;1;3;2;2;1;4
58;6;2;2;3;1;2;0
58;6;3;1;1;1;2;0
58;7;1;2;2;1;1;3
58;7;2;1;1;2;2;0
58;7;3;3;3;1;1;0
58;8;1;2;1;2;2;2
58;8;2;1;2;1;1;0
58;8;3;3;3;2;2;0
58;9;1;3;1;2;1;4
58;9;2;2;2;1;2;0
58;9;3;1;3;2;2;0
58;10;1;3;2;2;2;2
58;10;2;2;3;1;1;0
58;10;3;1;1;1;1;0
58;11;1;2;1;2;1;4
58;11;2;3;3;1;2;0
58;11;3;1;2;2;1;0
58;12;1;1;1;1;2;4
58;12;2;2;3;2;1;0
58;12;3;3;2;1;2;0
58;13;1;1;2;1;2;3
58;13;2;2;1;2;2;0
58;13;3;3;3;1;1;0
58;14;1;1;3;2;1;4
58;14;2;3;1;2;1;0
58;14;3;2;2;1;2;0
59;1;1;1;1;2;2;2
59;1;2;3;3;1;1;0
59;1;3;2;2;1;2;0
59;2;1;2;3;2;1;4
59;2;2;1;2;1;2;0
59;2;3;3;1;2;1;0
59;3;1;1;2;2;1;2
59;3;2;3;1;1;1;0
59;3;3;2;3;2;2;0
59;4;1;3;1;1;2;4
59;4;2;1;3;1;2;0
59;4;3;2;2;2;1;0
59;5;1;2;1;1;1;3
59;5;2;3;2;2;2;0
59;5;3;1;3;1;1;0
59;6;1;3;3;2;2;2
59;6;2;2;2;1;1;0
59;6;3;1;1;2;2;0
59;7;1;1;1;1;2;3
59;7;2;2;3;2;2;0
59;7;3;3;2;1;1;0
59;8;1;2;2;1;2;4
59;8;2;1;1;2;1;0
59;8;3;3;3;2;1;0
59;9;1;2;1;1;1;3
59;9;2;1;2;2;2;0
59;9;3;3;3;1;1;0
59;10;1;2;1;2;2;2
59;10;2;1;2;1;1;0
59;10;3;3;3;2;2;0
59;11;1;2;3;1;2;4
59;11;2;3;2;2;1;0
59;11;3;1;1;2;1;0
59;12;1;2;2;2;1;4
59;12;2;3;1;1;2;0
59;12;3;1;3;1;2;0
59;13;1;2;3;1;1;1
59;13;2;3;1;1;1;0
59;13;3;1;2;2;2;0
59;14;1;1;3;1;1;1
59;14;2;2;1;2;2;0
59;14;3;3;2;2;2;0
60;1;1;1;1;2;2;2
60;1;2;3;3;1;1;0
60;1;3;2;2;1;2;0
60;2;1;2;3;2;1;4
60;2;2;1;2;1;2;0
60;2;3;3;1;2;1;0
60;3;1;1;3;2;1;4
60;3;2;3;2;1;2;0
60;3;3;2;1;2;1;0
60;4;1;2;2;1;2;4
60;4;2;3;3;2;1;0
60;4;3;1;1;1;2;0
60;5;1;1;2;1;1;1
60;5;2;3;1;2;1;0
60;5;3;2;3;2;2;0
60;6;1;3;3;1;2;4
60;6;2;2;2;2;1;0
60;6;3;1;1;1;2;0
60;7;1;3;2;2;2;2
60;7;2;2;1;1;1;0
60;7;3;1;3;2;2;0
60;8;1;1;3;1;1;1
60;8;2;3;2;1;1;0
60;8;3;2;1;2;2;0
60;9;1;2;3;1;2;3
60;9;2;1;2;2;1;0
60;9;3;3;1;1;1;0
60;10;1;3;3;2;2;3
60;10;2;1;1;2;2;0
60;10;3;2;2;1;1;0
60;11;1;2;3;2;1;4
60;11;2;3;1;1;2;0
60;11;3;1;2;1;2;0
60;12;1;2;2;1;2;4
60;12;2;1;1;2;1;0
60;12;3;3;3;2;1;0
60;13;1;1;2;2;2;3
60;13;2;3;1;2;1;0
60;13;3;2;3;1;1;0
60;14;1;2;1;1;2;4
60;14;2;1;2;2;1;0
60;14;3;3;3;1;2;0
61;1;1;1;1;2;2;2
61;1;2;3;3;1;1;0
61;1;3;2;2;1;2;0
61;2;1;2;3;2;1;4
61;2;2;1;2;1;2;0
61;2;3;3;1;2;1;0
61;3;1;1;3;1;1;1
61;3;2;3;1;2;2;0
61;3;3;2;2;2;2;0
61;4;1;2;1;1;1;1
61;4;2;3;2;1;1;0
61;4;3;1;3;2;2;0
61;5;1;3;2;1;1;1
61;5;2;1;1;1;2;0
61;5;3;2;3;2;1;0
61;6;1;1;1;1;1;1
61;6;2;2;2;2;2;0
61;6;3;3;3;2;2;0
61;7;1;1;3;1;2;4
61;7;2;2;2;2;1;0
61;7;3;3;1;2;1;0
61;8;1;3;2;1;2;4
61;8;2;2;1;1;2;0
61;8;3;1;3;2;1;0
61;9;1;3;2;1;1;2
61;9;2;2;3;1;1;0
61;9;3;1;1;2;2;0
61;10;1;1;2;2;2;3
61;10;2;3;1;2;2;0
61;10;3;2;3;1;1;0
61;11;1;1;2;1;1;1
61;11;2;2;1;2;1;0
61;11;3;3;3;1;2;0
61;12;1;2;3;2;2;2
61;12;2;1;1;1;1;0
61;12;3;3;2;2;2;0
61;13;1;3;3;2;1;4
61;13;2;2;2;1;2;0
61;13;3;1;1;1;2;0
61;14;1;3;3;1;2;4
61;14;2;2;1;2;1;0
61;14;3;1;2;2;1;0
62;1;1;1;1;2;2;2
62;1;2;3;3;1;1;0
62;1;3;2;2;1;2;0
62;2;1;2;3;2;1;4
62;2;2;1;2;1;2;0
62;2;3;3;1;2;1;0
62;3;1;3;1;1;1;1
62;3;2;1;3;1;2;0
62;3;3;2;2;2;2;0
62;4;1;1;3;2;1;4
62;4;2;3;2;2;1;0
62;4;3;2;1;1;2;0
62;5;1;3;1;2;2;3
62;5;2;2;3;1;2;0
62;5;3;1;2;1;1;0
62;6;1;1;1;2;1;4
62;6;2;3;2;1;2;0
62;6;3;2;3;2;1;0
62;7;1;1;3;2;2;2
62;7;2;2;2;1;1;0
62;7;3;3;1;1;1;0
62;8;1;3;3;1;1;1
62;8;2;2;1;2;2;0
62;8;3;1;2;2;2;0
62;9;1;1;1;1;2;4
62;9;2;3;2;2;1;0
62;9;3;2;3;2;2;0
62;10;1;3;1;2;2;2
62;10;2;1;3;1;1;0
62;10;3;2;2;1;1;0
62;11;1;3;3;1;2;4
62;11;2;2;1;2;1;0
62;11;3;1;2;1;2;0
62;12;1;2;1;1;2;4
62;12;2;3;3;2;1;0
62;12;3;1;2;2;1;0
62;13;1;1;1;1;1;1
62;13;2;3;2;2;2;0
62;13;3;2;3;2;1;0
62;14;1;2;2;1;2;4
62;14;2;3;1;2;1;0
62;14;3;1;3;1;2;0
63;1;1;1;1;2;2;2
63;1;2;3;3;1;1;0
63;1;3;2;2;1;2;0
63;2;1;2;3;2;1;4
63;2;2;1;2;1;2;0
63;2;3;3;1;2;1;0
63;3;1;1;3;2;2;3
63;3;2;2;1;2;2;0
63;3;3;3;2;1;1;0
63;4;1;1;2;2;2;2
63;4;2;2;3;1;1;0
63;4;3;3;1;1;1;0
63;5;1;3;3;1;2;4
63;5;2;1;1;2;1;0
63;5;3;2;2;2;2;0
63;6;1;2;2;1;1;2
63;6;2;1;1;1;1;0
63;6;3;3;3;2;2;0
63;7;1;1;2;1;2;4
63;7;2;2;3;2;1;0
63;7;3;3;1;1;2;0
63;8;1;3;2;2;1;3
63;8;2;2;1;1;2;0
63;8;3;1;3;2;1;0
63;9;1;2;3;1;1;1
63;9;2;1;1;2;2;0
63;9;3;3;2;1;1;0
63;10;1;2;2;2;2;2
63;10;2;1;3;1;1;0
63;10;3;3;1;2;2;0
63;11;1;3;3;1;2;4
63;11;2;2;1;2;1;0
63;11;3;1;2;1;2;0
63;12;1;1;2;2;1;4
63;12;2;2;1;1;2;0
63;12;3;3;3;2;1;0
63;13;1;2;2;1;1;1
63;13;2;3;1;1;1;0
63;13;3;1;3;2;2;0
63;14;1;1;1;1;1;1
63;14;2;3;2;2;2;0
63;14;3;2;3;2;2;0
64;1;1;1;1;2;2;2
64;1;2;3;3;1;1;0
64;1;3;2;2;1;2;0
64;2;1;2;3;2;1;4
64;2;2;1;2;1;2;0
64;2;3;3;1;2;1;0
64;3;1;1;1;2;1;4
64;3;2;3;2;2;1;0
64;3;3;2;3;1;2;0
64;4;1;2;1;2;1;4
64;4;2;1;2;1;2;0
64;4;3;3;3;1;2;0
64;5;1;1;3;1;1;1
64;5;2;2;2;1;1;0
64;5;3;3;1;2;2;0
64;6;1;1;2;2;2;2
64;6;2;3;1;1;1;0
64;6;3;2;3;2;2;0
64;7;1;3;3;2;1;4
64;7;2;2;2;2;1;0
64;7;3;1;1;1;2;0
64;8;1;2;1;1;2;2
64;8;2;1;3;2;1;0
64;8;3;3;2;1;2;0
64;9;1;1;1;2;2;3
64;9;2;3;2;2;1;0
64;9;3;2;3;1;1;0
64;10;1;2;1;2;1;4
64;10;2;1;2;1;2;0
64;10;3;3;3;1;2;0
64;11;1;2;2;2;2;3
64;11;2;3;1;2;2;0
64;11;3;1;3;1;1;0
64;12;1;1;1;1;1;1
64;12;2;3;2;1;1;0
64;12;3;2;3;2;2;0
64;13;1;3;3;1;2;4
64;13;2;1;2;2;1;0
64;13;3;2;1;1;2;0
64;14;1;3;1;2;1;3
64;14;2;2;2;1;2;0
64;14;3;1;3;2;1;0
65;1;1;1;1;2;2;2
65;1;2;3;3;1;1;0
65;1;3;2;2;1;2;0
65;2;1;2;3;2;1;4
65;2;2;1;2;1;2;0
65;2;3;3;1;2;1;0
65;3;1;2;1;1;1;1
65;3;2;1;2;2;2;0
65;3;3;3;3;2;2;0
65;4;1;2;3;1;1;1
65;4;2;1;1;2;2;0
65;4;3;3;2;1;1;0
65;5;1;1;3;1;2;4
65;5;2;3;1;2;1;0
65;5;3;2;2;2;1;0
65;6;1;3;1;1;2;4
65;6;2;2;3;2;1;0
65;6;3;1;2;1;2;0
65;7;1;2;1;2;2;3
65;7;2;3;2;2;2;0
65;7;3;1;3;1;1;0
65;8;1;1;1;1;1;1
65;8;2;3;2;1;1;0
65;8;3;2;3;2;2;0
65;9;1;3;3;2;1;4
65;9;2;1;1;2;1;0
65;9;3;2;2;1;2;0
65;10;1;2;1;1;2;4
65;10;2;3;3;1;2;0
65;10;3;1;2;2;1;0
65;11;1;2;2;1;1;1
65;11;2;1;3;2;2;0
65;11;3;3;1;2;2;0
65;12;1;2;1;1;1;2
65;12;2;3;3;1;1;0
65;12;3;1;2;2;2;0
65;13;1;3;1;2;1;4
65;13;2;2;2;2;1;0
65;13;3;1;3;1;2;0
65;14;1;1;1;1;2;4
65;14;2;3;2;1;2;0
65;14;3;2;3;2;1;0
66;1;1;1;1;2;2;2
66;1;2;3;3;1;1;0
66;1;3;2;2;1;2;0
66;2;1;2;3;2;1;4
66;2;2;1;2;1;2;0
66;2;3;3;1;2;1;0
66;3;1;3;3;2;2;2
66;3;2;1;2;1;1;0
66;3;3;2;1;2;2;0
66;4;1;3;1;1;1;2
66;4;2;1;3;1;1;0
66;4;3;2;2;2;2;0
66;5;1;2;3;1;2;4
66;5;2;3;2;2;1;0
66;5;3;1;1;2;1;0
66;6;1;1;2;1;2;4
66;6;2;2;3;2;1;0
66;6;3;3;1;1;2;0
66;7;1;2;2;1;1;3
66;7;2;1;1;2;2;0
66;7;3;3;3;1;1;0
66;8;1;3;2;2;2;3
66;8;2;1;3;2;2;0
66;8;3;2;1;1;1;0
66;9;1;2;2;1;2;3
66;9;2;1;1;2;1;0
66;9;3;3;3;1;1;0
66;10;1;1;2;1;1;1
66;10;2;2;3;2;2;0
66;10;3;3;1;2;2;0
66;11;1;2;1;1;2;4
66;11;2;3;2;2;1;0
66;11;3;1;3;1;2;0
66;12;1;3;2;1;2;4
66;12;2;1;1;2;1;0
66;12;3;2;3;2;1;0
66;13;1;3;1;1;1;1
66;13;2;2;2;2;2;0
66;13;3;1;3;2;2;0
66;14;1;2;3;1;1;1
66;14;2;1;1;1;1;0
66;14;3;3;2;2;2;0
67;1;1;1;1;2;2;2
67;1;2;3;3;1;1;0
67;1;3;2;2;1;2;0
67;2;1;2;3;2;1;4
67;2;2;1;2;1;2;0
67;2;3;3;1;2;1;0
67;3;1;1;2;2;1;4
67;3;2;2;1;1;2;0
67;3;3;3;3;1;2;0
67;4;1;2;1;2;1;4
67;4;2;1;2;1;2;0
67;4;3;3;3;2;1;0
67;5;1;3;1;2;2;2
67;5;2;1;3;1;1;0
67;5;3;2;2;1;1;0
67;6;1;3;2;1;1;1
67;6;2;2;3;2;2;0
67;6;3;1;1;2;2;0
67;7;1;3;1;1;2;4
67;7;2;2;2;2;1;0
67;7;3;1;3;1;2;0
67;8;1;2;1;1;2;4
67;8;2;3;3;2;1;0
67;8;3;1;2;2;1;0
67;9;1;1;2;2;2;3
67;9;2;2;1;1;1;0
67;9;3;3;3;1;2;0
67;10;1;2;2;1;2;4
67;10;2;1;3;2;1;0
67;10;3;3;1;2;1;0
67;11;1;1;1;1;1;1
67;11;2;3;2;1;1;0
67;11;3;2;3;2;2;0
67;12;1;2;3;1;1;1
67;12;2;1;2;2;2;0
67;12;3;3;1;2;2;0
67;13;1;1;3;1;2;2
67;13;2;3;1;1;1;0
67;13;3;2;2;2;1;0
67;14;1;1;3;1;1;1
67;14;2;3;2;2;2;0
67;14;3;2;1;2;2;0
68;1;1;1;1;2;2;2
68;1;2;3;3;1;1;0
68;1;3;2;2;1;2;0
68;2;1;2;3;2;1;4
68;2;2;1;2;1;2;0
68;2;3;3;1;2;1;0
68;3;1;3;3;2;1;4
68;3;2;1;2;1;2;0
68;3;3;2;1;1;2;0
68;4;1;3;2;1;2;4
68;4;2;1;1;2;1;0
68;4;3;2;3;2;1;0
68;5;1;3;3;2;2;2
68;5;2;2;2;1;1;0
68;5;3;1;1;1;2;0
68;6;1;3;1;2;1;4
68;6;2;1;2;2;1;0
68;6;3;2;3;1;2;0
68;7;1;3;3;1;1;1
68;7;2;2;2;2;2;0
68;7;3;1;1;1;1;0
68;8;1;2;1;2;2;3
68;8;2;1;3;2;2;0
68;8;3;3;2;1;1;0
68;9;1;2;1;2;1;4
68;9;2;1;2;2;2;0
68;9;3;3;3;1;2;0
68;10;1;2;2;1;1;3
68;10;2;3;1;2;2;0
68;10;3;1;3;1;1;0
68;11;1;3;2;1;2;4
68;11;2;1;1;1;2;0
68;11;3;2;3;2;1;0
68;12;1;2;1;1;2;4
68;12;2;3;2;2;1;0
68;12;3;1;3;2;1;0
68;13;1;2;3;2;2;2
68;13;2;1;1;1;1;0
68;13;3;3;2;2;2;0
68;14;1;1;1;2;2;2
68;14;2;3;3;1;1;0
68;14;3;2;2;1;1;0
69;1;1;1;1;2;2;2
69;1;2;3;3;1;1;0
69;1;3;2;2;1;2;0
69;2;1;2;3;2;1;4
69;2;2;1;2;1;2;0
69;2;3;3;1;2;1;0
69;3;1;1;2;2;1;4
69;3;2;3;1;2;1;0
69;3;3;2;3;1;2;0
69;4;1;2;1;2;1;4
69;4;2;3;3;1;2;0
69;4;3;1;2;1;2;0
69;5;1;2;2;1;1;1
69;5;2;3;1;1;1;0
69;5;3;1;3;2;2;0
69;6;1;2;3;2;2;2
69;6;2;1;1;1;1;0
69;6;3;3;2;2;2;0
69;7;1;2;1;1;2;4
69;7;2;1;2;1;2;0
69;7;3;3;3;2;1;0
69;8;1;2;2;2;1;4
69;8;2;3;1;1;2;0
69;8;3;1;3;2;1;0
69;9;1;2;2;2;1;2
69;9;2;3;3;1;1;0
69;9;3;1;1;2;2;0
69;10;1;2;3;1;2;4
69;10;2;1;2;1;2;0
69;10;3;3;1;2;1;0
69;11;1;3;2;2;2;2
69;11;2;1;3;1;1;0
69;11;3;2;1;2;2;0
69;12;1;2;1;1;1;1
69;12;2;3;3;2;2;0
69;12;3;1;2;1;1;0
69;13;1;3;2;1;2;4
69;13;2;1;1;2;1;0
69;13;3;2;3;1;2;0
69;14;1;1;3;2;1;4
69;14;2;2;2;2;1;0
69;14;3;3;1;1;2;0
70;1;1;1;1;2;2;2
70;1;2;3;3;1;1;0
70;1;3;2;2;1;2;0
70;2;1;2;3;2;1;4
70;2;2;1;2;1;2;0
70;2;3;3;1;2;1;0
70;3;1;2;3;2;2;3
70;3;2;1;1;2;2;0
70;3;3;3;2;1;1;0
70;4;1;2;1;1;1;2
70;4;2;3;3;1;1;0
70;4;3;1;2;2;2;0
70;5;1;3;1;2;1;2
70;5;2;2;2;1;1;0
70;5;3;1;3;1;2;0
70;6;1;2;2;2;2;2
70;6;2;1;3;1;1;0
70;6;3;3;1;2;2;0
70;7;1;3;2;2;1;4
70;7;2;1;1;1;2;0
70;7;3;2;3;2;1;0
70;8;1;3;3;1;2;4
70;8;2;1;1;2;1;0
70;8;3;2;2;1;2;0
70;9;1;3;2;2;2;3
70;9;2;1;3;2;2;0
70;9;3;2;1;1;1;0
70;10;1;3;1;1;1;1
70;10;2;1;2;1;1;0
70;10;3;2;3;2;2;0
70;11;1;1;2;2;1;4
70;11;2;2;1;1;2;0
70;11;3;3;3;2;1;0
70;12;1;2;3;2;1;4
70;12;2;1;1;1;2;0
70;12;3;3;2;1;2;0
70;13;1;2;1;2;2;2
70;13;2;3;3;1;1;0
70;13;3;1;2;1;1;0
70;14;1;3;1;2;2;3
70;14;2;1;3;2;2;0
70;14;3;2;2;1;1;0
71;1;1;1;1;2;2;2
71;1;2;3;3;1;1;0
71;1;3;2;2;1;2;0
71;2;1;2;3;2;1;4
71;2;2;1;2;1;2;0
71;2;3;3;1;2;1;0
71;3;1;1;2;2;2;4
71;3;2;3;3;1;2;0
71;3;3;2;1;2;1;0
71;4;1;1;1;1;1;2
71;4;2;3;3;1;1;0
71;4;3;2;2;2;2;0
71;5;1;2;3;1;2;4
71;5;2;3;1;2;1;0
71;5;3;1;2;2;1;0
71;6;1;3;2;1;2;4
71;6;2;2;3;2;1;0
71;6;3;1;1;1;2;0
71;7;1;2;1;1;2;4
71;7;2;3;2;2;2;0
71;7;3;1;3;2;1;0
71;8;1;2;2;1;1;3
71;8;2;3;1;2;2;0
71;8;3;1;3;1;1;0
71;9;1;3;1;2;1;2
71;9;2;2;2;1;1;0
71;9;3;1;3;1;2;0
71;10;1;3;1;1;1;1
71;10;2;2;3;2;2;0
71;10;3;1;2;2;2;0
71;11;1;3;3;1;2;4
71;11;2;1;1;2;1;0
71;11;3;2;2;2;1;0
71;12;1;1;2;1;2;4
71;12;2;2;1;1;2;0
71;12;3;3;3;2;1;0
71;13;1;1;3;2;2;3
71;13;2;3;2;2;2;0
71;13;3;2;1;1;1;0
71;14;1;2;1;2;2;3
71;14;2;3;2;1;1;0
71;14;3;1;3;1;1;0
72;1;1;1;1;2;2;2
72;1;2;3;3;1;1;0
72;1;3;2;2;1;2;0
72;2;1;2;3;2;1;4
72;2;2;1;2;1;2;0
72;2;3;3;1;2;1;0
72;3;1;2;3;1;2;4
72;3;2;3;2;2;1;0
72;3;3;1;1;2;1;0
72;4;1;2;3;2;1;4
72;4;2;1;1;1;2;0
72;4;3;3;2;1;2;0
72;5;1;2;2;2;2;3
72;5;2;3;1;1;1;0
72;5;3;1;3;1;1;0
72;6;1;1;1;2;2;3
72;6;2;3;3;2;2;0
72;6;3;2;2;1;1;0
72;7;1;2;1;1;2;4
72;7;2;1;2;1;2;0
72;7;3;3;3;2;1;0
72;8;1;2;1;2;1;4
72;8;2;1;2;2;1;0
72;8;3;3;3;1;2;0
72;9;1;2;3;2;2;3
72;9;2;1;2;2;2;0
72;9;3;3;1;1;1;0
72;10;1;1;2;1;1;2
72;10;2;2;3;1;1;0
72;10;3;3;1;2;2;0
72;11;1;2;2;2;1;4
72;11;2;3;1;1;2;0
72;11;3;1;3;1;2;0
72;12;1;1;1;2;1;4
72;12;2;3;3;2;1;0
72;12;3;2;2;1;2;0
72;13;1;1;3;2;1;2
72;13;2;2;1;1;1;0
72;13;3;3;2;2;2;0
72;14;1;2;3;1;2;4
72;14;2;3;2;2;1;0
72;14;3;1;1;1;2;0
73;1;1;1;1;2;2;2
73;1;2;3;3;1;1;0
73;1;3;2;2;1;2;0
73;2;1;2;3;2;1;4
73;2;2;1;2;1;2;0
73;2;3;3;1;2;1;0
73;3;1;3;2;1;1;1
73;3;2;2;1;2;2;0
73;3;3;1;3;2;2;0
73;4;1;3;3;1;1;1
73;4;2;1;1;1;1;0
73;4;3;2;2;2;2;0
73;5;1;1;2;1;2;4
73;5;2;2;3;2;1;0
73;5;3;3;1;2;2;0
73;6;1;2;2;1;1;3
73;6;2;3;1;2;2;0
73;6;3;1;3;1;1;0
73;7;1;1;1;2;1;4
73;7;2;2;2;1;2;0
73;7;3;3;3;1;2;0
73;8;1;2;3;2;1;4
73;8;2;3;2;2;1;0
73;8;3;1;1;1;2;0
73;9;1;2;3;1;2;3
73;9;2;1;2;2;2;0
73;9;3;3;1;1;1;0
73;10;1;1;2;2;1;4
73;10;2;3;3;1;2;0
73;10;3;2;1;2;1;0
73;11;1;1;3;2;2;2
73;11;2;3;2;1;1;0
73;11;3;2;1;2;2;0
73;12;1;1;1;1;1;1
73;12;2;3;3;2;2;0
73;12;3;2;2;1;1;0
73;13;1;3;2;1;2;4
73;13;2;2;3;2;1;0
73;13;3;1;1;1;2;0
73;14;1;1;2;2;1;4
73;14;2;2;3;1;2;0
73;14;3;3;1;2;1;0
74;1;1;1;1;2;2;2
74;1;2;3;3;1;1;0
74;1;3;2;2;1;2;0
74;2;1;2;3;2;1;4
74;2;2;1;2;1;2;0
74;2;3;3;1;2;1;0
74;3;1;1;3;1;1;1
74;3;2;2;1;1;1;0
74;3;3;3;2;2;2;0
74;4;1;2;1;2;2;2
74;4;2;3;3;1;1;0
74;4;3;1;2;2;2;0
74;5;1;3;1;1;2;4
74;5;2;1;3;2;1;0
74;5;3;2;2;1;2;0
74;6;1;1;3;1;2;4
74;6;2;2;1;2;1;0
74;6;3;3;2;2;1;0
74;7;1;3;3;2;2;2
74;7;2;2;2;1;1;0
74;7;3;1;1;2;2;0
74;8;1;1;2;1;1;1
74;8;2;2;3;2;2;0
74;8;3;3;1;1;1;0
74;9;1;2;1;1;1;1
74;9;2;3;2;1;2;0
74;9;3;1;3;2;1;0
74;10;1;3;3;1;1;1
74;10;2;1;1;2;2;0
74;10;3;2;2;2;2;0
74;11;1;3;1;2;1;4
74;11;2;2;3;1;2;0
74;11;3;1;2;1;2;0
74;12;1;3;2;2;1;4
74;12;2;2;3;2;1;0
74;12;3;1;1;1;2;0
74;13;1;2;2;2;2;3
74;13;2;3;1;2;2;0
74;13;3;1;3;1;1;0
74;14;1;1;2;1;1;2
74;14;2;2;1;1;1;0
74;14;3;3;3;2;2;0
75;1;1;1;1;2;2;2
75;1;2;3;3;1;1;0
75;1;3;2;2;1;2;0
75;2;1;2;3;2;1;4
75;2;2;1;2;1;2;0
75;2;3;3;1;2;1;0
75;3;1;1;2;2;1;4
75;3;2;2;3;2;1;0
75;3;3;3;1;1;2;0
75;4;1;2;2;1;2;4
75;4;2;1;1;2;1;0
75;4;3;3;3;1;2;0
75;5;1;3;2;1;1;1
75;5;2;2;1;2;1;0
75;5;3;1;3;2;2;0
75;6;1;1;3;1;2;4
75;6;2;3;2;2;1;0
75;6;3;2;1;1;2;0
75;7;1;1;1;1;1;3
75;7;2;2;2;2;2;0
75;7;3;3;3;1;1;0
75;8;1;3;1;2;2;3
75;8;2;1;2;2;2;0
75;8;3;2;3;1;1;0
75;9;1;1;1;2;1;4
75;9;2;2;3;2;1;0
75;9;3;3;2;1;2;0
75;10;1;3;3;2;1;4
75;10;2;1;2;1;2;0
75;10;3;2;1;1;2;0
75;11;1;3;1;2;2;3
75;11;2;1;3;2;2;0
75;11;3;2;2;1;1;0
75;12;1;2;2;2;2;2
75;12;2;1;3;1;1;0
75;12;3;3;1;1;1;0
75;13;1;3;3;1;2;4
75;13;2;2;1;1;2;0
75;13;3;1;2;2;1;0
75;14;1;2;2;2;1;4
75;14;2;3;1;2;1;0
75;14;3;1;3;1;2;0
76;1;1;1;1;2;2;2
76;1;2;3;3;1;1;0
76;1;3;2;2;1;2;0
76;2;1;2;3;2;1;4
76;2;2;1;2;1;2;0
76;2;3;3;1;2;1;0
76;3;1;2;3;2;2;3
76;3;2;1;1;2;2;0
76;3;3;3;2;1;1;0
76;4;1;3;3;2;2;2
76;4;2;2;1;1;1;0
76;4;3;1;2;1;1;0
76;5;1;2;3;2;1;3
76;5;2;3;2;1;2;0
76;5;3;1;1;1;1;0
76;6;1;1;1;2;2;2
76;6;2;2;3;1;1;0
76;6;3;3;2;2;2;0
76;7;1;2;1;1;2;4
76;7;2;3;3;2;1;0
76;7;3;1;2;2;1;0
76;8;1;3;1;2;1;4
76;8;2;1;3;1;2;0
76;8;3;2;2;1;2;0
76;9;1;2;3;2;2;2
76;9;2;3;2;1;1;0
76;9;3;1;1;1;2;0
76;10;1;2;1;2;1;4
76;10;2;3;3;1;2;0
76;10;3;1;2;2;1;0
76;11;1;3;1;1;1;3
76;11;2;2;2;2;2;0
76;11;3;1;3;1;1;0
76;12;1;3;3;2;2;3
76;12;2;1;1;2;2;0
76;12;3;2;2;1;1;0
76;13;1;1;3;2;1;2
76;13;2;2;1;1;1;0
76;13;3;3;2;1;2;0
76;14;1;3;1;2;2;2
76;14;2;2;3;1;1;0
76;14;3;1;2;2;2;0
77;1;1;1;1;2;2;2
77;1;2;3;3;1;1;0
77;1;3;2;2;1;2;0
77;2;1;2;3;2;1;4
77;2;2;1;2;1;2;0
77;2;3;3;1;2;1;0
77;3;1;1;2;1;2;4
77;3;2;2;3;2;2;0
77;3;3;3;1;2;1;0
77;4;1;1;3;1;1;1
77;4;2;2;2;2;2;0
77;4;3;3;1;1;1;0
77;5;1;3;2;2;1;4
77;5;2;2;3;2;1;0
77;5;3;1;1;1;2;0
77;6;1;3;3;1;2;4
77;6;2;1;1;2;1;0
77;6;3;2;2;1;2;0
77;7;1;2;1;1;2;4
77;7;2;1;2;2;1;0
77;7;3;3;3;2;2;0
77;8;1;1;3;1;1;1
77;8;2;3;2;1;1;0
77;8;3;2;1;2;2;0
77;9;1;1;1;1;2;3
77;9;2;2;2;2;1;0
77;9;3;3;3;1;1;0
77;10;1;3;2;2;2;3
77;10;2;1;3;2;2;0
77;10;3;2;1;1;1;0
77;11;1;2;3;2;1;4
77;11;2;1;2;1;2;0
77;11;3;3;1;2;1;0
77;12;1;1;1;2;1;4
77;12;2;3;2;1;2;0
77;12;3;2;3;1;2;0
77;13;1;1;2;1;1;1
77;13;2;3;1;2;2;0
77;13;3;2;3;2;2;0
77;14;1;1;2;2;2;2
77;14;2;3;3;1;1;0
77;14;3;2;1;1;1;0
78;1;1;1;1;2;2;2
78;1;2;3;3;1;1;0
78;1;3;2;2;1;2;0
78;2;1;2;3;2;1;4
78;2;2;1;2;1;2;0
78;2;3;3;1;2;1;0
78;3;1;1;1;1;2;4
78;3;2;2;2;2;1;0
78;3;3;3;3;2;1;0
78;4;1;3;3;1;2;4
78;4;2;1;2;2;1;0
78;4;3;2;1;1;2;0
78;5;1;3;2;1;1;1
78;5;2;2;1;2;1;0
78;5;3;1;3;2;2;0
78;6;1;3;1;1;2;4
78;6;2;2;2;1;2;0
78;6;3;1;3;2;1;0
78;7;1;2;2;1;1;3
78;7;2;3;1;2;2;0
78;7;3;1;3;1;1;0
78;8;1;1;1;1;1;1
78;8;2;2;3;2;2;0
78;8;3;3;2;2;2;0
78;9;1;2;2;1;1;1
78;9;2;3;1;2;1;0
78;9;3;1;3;1;2;0
78;10;1;2;2;2;2;2
78;10;2;3;3;1;1;0
78;10;3;1;1;2;2;0
78;11;1;2;3;1;2;4
78;11;2;1;1;1;2;0
78;11;3;3;2;2;1;0
78;12;1;3;2;1;2;4
78;12;2;1;3;2;1;0
78;12;3;2;1;2;1;0
78;13;1;2;1;2;2;2
78;13;2;3;3;1;1;0
78;13;3;1;2;2;2;0
78;14;1;2;1;1;1;1
78;14;2;1;2;1;1;0
78;14;3;3;3;2;2;0
79;1;1;1;1;2;2;2
79;1;2;3;3;1;1;0
79;1;3;2;2;1;2;0
79;2;1;2;3;2;1;4
79;2;2;1;2;1;2;0
79;2;3;3;1;2;1;0
79;3;1;3;1;1;2;4
79;3;2;2;3;2;1;0
79;3;3;1;2;1;2;0
79;4;1;3;1;2;1;4
79;4;2;1;2;2;1;0
79;4;3;2;3;1;2;0
79;5;1;3;3;2;2;3
79;5;2;1;1;2;2;0
79;5;3;2;2;1;1;0
79;6;1;1;3;1;1;1
79;6;2;3;1;1;1;0
79;6;3;2;2;2;2;0
79;7;1;2;1;2;1;4
79;7;2;3;2;1;2;0
79;7;3;1;3;2;1;0
79;8;1;3;2;2;1;4
79;8;2;2;3;1;2;0
79;8;3;1;1;1;2;0
79;9;1;2;1;2;2;3
79;9;2;1;2;1;2;0
79;9;3;3;3;1;1;0
79;10;1;1;1;2;1;4
79;10;2;2;3;1;2;0
79;10;3;3;2;2;1;0
79;11;1;3;2;2;2;2
79;11;2;2;1;1;1;0
79;11;3;1;3;2;2;0
79;12;1;1;2;1;1;3
79;12;2;3;1;2;2;0
79;12;3;2;3;1;1;0
79;13;1;1;3;2;2;4
79;13;2;2;2;2;1;0
79;13;3;3;1;1;2;0
79;14;1;2;2;2;2;2
79;14;2;3;3;1;1;0
79;14;3;1;1;1;1;0
80;1;1;1;1;2;2;2
80;1;2;3;3;1;1;0
80;1;3;2;2;1;2;0
80;2;1;2;3;2;1;4
80;2;2;1;2;1;2;0
80;2;3;3;1;2;1;0
80;3;1;1;3;2;1;4
80;3;2;2;2;1;2;0
80;3;3;3;1;2;1;0
80;4;1;3;2;1;2;4
80;4;2;1;1;1;2;0
80;4;3;2;3;2;1;0
80;5;1;2;1;2;1;3
80;5;2;3;3;2;2;0
80;5;3;1;2;1;1;0
80;6;1;2;1;1;2;4
80;6;2;1;2;2;1;0
80;6;3;3;3;1;2;0
80;7;1;3;1;1;1;1
80;7;2;2;2;2;2;0
80;7;3;1;3;2;2;0
80;8;1;1;1;2;2;3
80;8;2;3;2;1;1;0
80;8;3;2;3;1;1;0
80;9;1;2;1;2;2;4
80;9;2;3;3;2;1;0
80;9;3;1;2;1;2;0
80;10;1;1;1;1;1;3
80;10;2;3;2;2;2;0
80;10;3;2;3;1;1;0
80;11;1;1;3;1;2;4
80;11;2;3;1;1;2;0
80;11;3;2;2;2;1;0
80;12;1;2;3;1;2;4
80;12;2;3;1;2;1;0
80;12;3;1;2;2;1;0
80;13;1;2;1;1;1;1
80;13;2;3;2;1;1;0
80;13;3;1;3;2;2;0
80;14;1;3;3;2;2;3
80;14;2;2;2;2;2;0
80;14;3;1;1;1;1;0
81;1;1;1;1;2;2;2
81;1;2;3;3;1;1;0
81;1;3;2;2;1;2;0
81;2;1;2;3;2;1;4
81;2;2;1;2;1;2;0
81;2;3;3;1;2;1;0
81;3;1;1;1;2;2;4
81;3;2;3;2;1;2;0
81;3;3;2;3;2;1;0
81;4;1;1;2;1;1;2
81;4;2;3;3;1;1;0
81;4;3;2;1;2;2;0
81;5;1;1;3;2;1;4
81;5;2;2;2;1;2;0
81;5;3;3;1;2;1;0
81;6;1;1;1;1;2;4
81;6;2;2;2;2;1;0
81;6;3;3;3;1;2;0
81;7;1;1;1;2;1;3
81;7;2;3;2;2;2;0
81;7;3;2;3;1;1;0
81;8;1;2;1;1;2;4
81;8;2;1;3;1;2;0
81;8;3;3;2;2;1;0
81;9;1;1;2;1;1;3
81;9;2;2;3;2;2;0
81;9;3;3;1;1;1;0
81;10;1;2;2;1;1;1
81;10;2;3;1;2;2;0
81;10;3;1;3;2;2;0
81;11;1;1;2;1;2;4
81;11;2;3;3;2;1;0
81;11;3;2;1;2;1;0
81;12;1;1;3;2;1;1
81;12;2;2;2;1;2;0
81;12;3;3;1;1;2;0
81;13;1;2;1;1;1;3
81;13;2;1;2;2;2;0
81;13;3;3;3;1;1;0
81;14;1;1;3;1;1;1
81;14;2;3;2;2;2;0
81;14;3;2;1;2;2;0
82;1;1;1;1;2;2;2
82;1;2;3;3;1;1;0
82;1;3;2;2;1;2;0
82;2;1;2;3;2;1;4
82;2;2;1;2;1;2;0
82;2;3;3;1;2;1;0
82;3;1;1;2;2;1;4
82;3;2;2;3;1;2;0
82;3;3;3;1;2;1;0
82;4;1;1;1;1;2;4
82;4;2;3;3;1;2;0
82;4;3;2;2;2;1;0
82;5;1;3;2;1;1;1
82;5;2;1;1;2;2;0
82;5;3;2;3;2;2;0
82;6;1;2;1;1;1;1
82;6;2;1;2;1;1;0
82;6;3;3;3;2;2;0
82;7;1;3;1;2;1;4
82;7;2;1;3;2;1;0
82;7;3;2;2;1;2;0
82;8;1;2;3;2;1;4
82;8;2;1;1;1;2;0
82;8;3;3;2;1;2;0
82;9;1;2;3;1;1;1
82;9;2;1;2;2;2;0
82;9;3;3;1;1;2;0
82;10;1;3;2;2;1;4
82;10;2;2;1;2;1;0
82;10;3;1;3;1;2;0
82;11;1;3;3;1;1;1
82;11;2;1;1;1;1;0
82;11;3;2;2;2;2;0
82;12;1;2;2;1;1;1
82;12;2;1;1;2;2;0
82;12;3;3;3;2;2;0
82;13;1;2;1;1;2;4
82;13;2;3;2;2;2;0
82;13;3;1;3;2;1;0
82;14;1;2;3;2;2;2
82;14;2;3;1;1;1;0
82;14;3;1;2;1;1;0
83;1;1;1;1;2;2;2
83;1;2;3;3;1;1;0
83;1;3;2;2;1;2;0
83;2;1;2;3;2;1;4
83;2;2;1;2;1;2;0
83;2;3;3;1;2;1;0
83;3;1;2;1;2;1;4
83;3;2;3;2;1;2;0
83;3;3;1;3;1;2;0
83;4;1;2;3;1;2;4
83;4;2;1;2;2;1;0
83;4;3;3;1;2;1;0
83;5;1;3;3;1;1;1
83;5;2;2;2;1;2;0
83;5;3;1;1;2;2;0
83;6;1;1;3;2;1;4
83;6;2;3;1;1;2;0
83;6;3;2;2;2;1;0
83;7;1;1;1;1;1;3
83;7;2;3;2;2;2;0
83;7;3;2;3;1;1;0
83;8;1;3;3;2;2;2
83;8;2;1;2;1;1;0
83;8;3;2;1;2;2;0
83;9;1;2;1;2;1;4
83;9;2;3;2;2;1;0
83;9;3;1;3;1;2;0
83;10;1;3;3;2;1;4
83;10;2;1;1;1;2;0
83;10;3;2;2;1;2;0
83;11;1;3;1;1;1;2
83;11;2;2;3;1;1;0
83;11;3;1;2;2;2;0
83;12;1;3;1;2;2;3
83;12;2;2;3;2;2;0
83;12;3;1;2;1;1;0
83;13;1;2;2;1;1;4
83;13;2;3;3;1;2;0
83;13;3;1;1;2;1;0
83;14;1;2;1;2;2;3
83;14;2;1;3;2;2;0
83;14;3;3;2;1;1;0
84;1;1;1;1;2;2;2
84;1;2;3;3;1;1;0
84;1;3;2;2;1;2;0
84;2;1;2;3;2;1;4
84;2;2;1;2;1;2;0
84;2;3;3;1;2;1;0
84;3;1;1;3;2;1;4
84;3;2;2;1;1;2;0
84;3;3;3;2;2;2;0
84;4;1;3;3;1;1;1
84;4;2;2;2;2;2;0
84;4;3;1;1;1;1;0
84;5;1;3;1;2;1;4
84;5;2;2;3;2;1;0
84;5;3;1;2;1;2;0
84;6;1;3;3;1;2;4
84;6;2;2;2;2;1;0
84;6;3;1;1;1;2;0
84;7;1;1;3;2;2;3
84;7;2;3;2;2;1;0
84;7;3;2;1;1;1;0
84;8;1;2;2;1;2;4
84;8;2;3;1;1;2;0
84;8;3;1;3;2;1;0
84;9;1;2;3;1;1;1
84;9;2;1;2;2;1;0
84;9;3;3;1;2;2;0
84;10;1;3;3;1;2;4
84;10;2;1;2;1;2;0
84;10;3;2;1;2;1;0
84;11;1;1;1;2;2;2
84;11;2;3;2;1;1;0
84;11;3;2;3;2;2;0
84;12;1;3;2;2;2;2
84;12;2;1;3;1;1;0
84;12;3;2;1;1;1;0
84;13;1;1;1;2;2;4
84;13;2;3;3;2;1;0
84;13;3;2;2;1;2;0
84;14;1;1;2;1;1;1
84;14;2;2;3;2;2;0
84;14;3;3;1;1;1;0
85;1;1;1;1;2;2;2
85;1;2;3;3;1;1;0
85;1;3;2;2;1;2;0
85;2;1;2;3;2;1;4
85;2;2;1;2;1;2;0
85;2;3;3;1;2;1;0
85;3;1;1;2;2;1;4
85;3;2;2;1;1;2;0
85;3;3;3;3;1;2;0
85;4;1;2;2;2;1;4
85;4;2;3;1;2;1;0
85;4;3;1;3;1;2;0
85;5;1;1;1;1;1;3
85;5;2;3;2;2;2;0
85;5;3;2;3;1;1;0
85;6;1;3;2;1;1;1
85;6;2;1;1;2;2;0
85;6;3;2;3;2;2;0
85;7;1;1;2;1;2;4
85;7;2;3;3;2;1;0
85;7;3;2;1;2;1;0
85;8;1;3;1;1;2;4
85;8;2;2;2;1;2;0
85;8;3;1;3;2;1;0
85;9;1;3;1;2;2;3
85;9;2;2;2;2;2;0
85;9;3;1;3;1;1;0
85;10;1;2;1;1;1;2
85;10;2;3;3;1;1;0
85;10;3;1;2;2;2;0
85;11;1;1;1;2;1;4
85;11;2;2;3;1;2;0
85;11;3;3;2;2;1;0
85;12;1;3;2;1;2;4
85;12;2;1;1;1;2;0
85;12;3;2;3;2;1;0
85;13;1;2;2;1;1;1
85;13;2;3;1;1;2;0
85;13;3;1;3;2;2;0
85;14;1;2;3;1;2;4
85;14;2;1;2;2;1;0
85;14;3;3;1;2;1;0
86;1;1;1;1;2;2;2
86;1;2;3;3;1;1;0
86;1;3;2;2;1;2;0
86;2;1;2;3;2;1;4
86;2;2;1;2;1;2;0
86;2;3;3;1;2;1;0
86;3;1;1;2;1;1;2
86;3;2;3;3;1;1;0
86;3;3;2;1;2;2;0
86;4;1;3;3;2;2;2
86;4;2;2;1;1;1;0
86;4;3;1;2;2;2;0
86;5;1;2;2;2;1;4
86;5;2;1;3;1;2;0
86;5;3;3;1;1;2;0
86;6;1;3;3;2;1;4
86;6;2;1;1;2;1;0
86;6;3;2;2;1;2;0
86;7;1;3;2;1;1;2
86;7;2;1;3;1;1;0
86;7;3;2;1;2;2;0
86;8;1;2;3;2;2;3
86;8;2;3;2;2;2;0
86;8;3;1;1;1;1;0
86;9;1;2;3;2;1;4
86;9;2;1;1;1;2;0
86;9;3;3;2;1;2;0
86;10;1;2;2;2;1;4
86;10;2;1;3;1;2;0
86;10;3;3;1;2;1;0
86;11;1;1;2;2;2;3
86;11;2;3;3;2;2;0
86;11;3;2;1;1;1;0
86;12;1;3;3;1;1;1
86;12;2;1;1;2;2;0
86;12;3;2;2;1;1;0
86;13;1;2;1;1;2;4
86;13;2;3;2;1;2;0
86;13;3;1;3;2;1;0
86;14;1;1;2;2;1;4
86;14;2;3;1;2;1;0
86;14;3;2;3;1;2;0
87;1;1;1;1;2;2;2
87;1;2;3;3;1;1;0
87;1;3;2;2;1;2;0
87;2;1;2;3;2;1;4
87;2;2;1;2;1;2;0
87;2;3;3;1;2;1;0
87;3;1;1;2;1;1;1
87;3;2;2;3;2;2;0
87;3;3;3;1;2;2;0
87;4;1;1;1;1;1;2
87;4;2;3;3;1;1;0
87;4;3;2;2;2;2;0
87;5;1;2;1;2;1;4
87;5;2;3;2;2;2;0
87;5;3;1;3;1;2;0
87;6;1;2;3;1;1;1
87;6;2;3;2;1;1;0
87;6;3;1;1;2;2;0
87;7;1;2;2;1;2;4
87;7;2;1;3;2;1;0
87;7;3;3;1;1;2;0
87;8;1;2;3;2;1;4
87;8;2;1;1;1;2;0
87;8;3;3;2;2;1;0
87;9;1;1;2;1;1;3
87;9;2;3;3;2;2;0
87;9;3;2;1;1;1;0
87;10;1;1;3;2;2;2
87;10;2;3;1;1;1;0
87;10;3;2;2;2;2;0
87;11;1;1;2;1;2;4
87;11;2;2;1;2;1;0
87;11;3;3;3;1;2;0
87;12;1;1;2;2;1;4
87;12;2;2;3;1;2;0
87;12;3;3;1;2;1;0
87;13;1;2;1;2;2;2
87;13;2;1;3;1;1;0
87;13;3;3;2;1;1;0
87;14;1;2;2;1;1;1
87;14;2;1;1;2;2;0
87;14;3;3;3;2;2;0
88;1;1;1;1;2;2;2
88;1;2;3;3;1;1;0
88;1;3;2;2;1;2;0
88;2;1;2;3;2;1;4
88;2;2;1;2;1;2;0
88;2;3;3;1;2;1;0
88;3;1;2;3;2;1;4
88;3;2;3;2;2;2;0
88;3;3;1;1;1;2;0
88;4;1;1;3;1;1;1
88;4;2;3;1;1;1;0
88;4;3;2;2;2;2;0
88;5;1;1;2;2;1;4
88;5;2;3;3;2;1;0
88;5;3;2;1;1;2;0
88;6;1;2;3;1;2;4
88;6;2;1;1;2;1;0
88;6;3;3;2;1;2;0
88;7;1;2;1;1;1;1
88;7;2;1;2;2;2;0
88;7;3;3;3;2;1;0
88;8;1;3;1;1;2;4
88;8;2;1;3;1;2;0
88;8;3;2;2;2;1;0
88;9;1;1;1;2;2;3
88;9;2;3;3;2;1;0
88;9;3;2;2;1;1;0
88;10;1;2;1;2;1;4
88;10;2;1;3;1;2;0
88;10;3;3;2;1;2;0
88;11;1;1;2;1;1;1
88;11;2;2;3;2;2;0
88;11;3;3;1;2;2;0
88;12;1;2;2;2;2;2
88;12;2;3;3;1;1;0
88;12;3;1;1;1;1;0
88;13;1;1;2;2;1;2
88;13;2;3;3;1;1;0
88;13;3;2;1;1;2;0
88;14;1;2;2;1;1;1
88;14;2;1;3;2;2;0
88;14;3;3;1;2;2;0
89;1;1;1;1;2;2;2
89;1;2;3;3;1;1;0
89;1;3;2;2;1;2;0
89;2;1;2;3;2;1;4
89;2;2;1;2;1;2;0
89;2;3;3;1;2;1;0
89;3;1;1;1;2;1;4
89;3;2;2;3;2;1;0
89;3;3;3;2;1;2;0
89;4;1;3;2;2;1;4
89;4;2;1;3;1;2;0
89;4;3;2;1;1;2;0
89;5;1;3;1;1;1;1
89;5;2;1;2;2;2;0
89;5;3;2;3;2;2;0
89;6;1;1;2;1;1;2
89;6;2;2;3;1;1;0
89;6;3;3;1;2;2;0
89;7;1;2;1;2;1;4
89;7;2;1;3;2;1;0
89;7;3;3;2;1;2;0
89;8;1;2;1;1;2;4
89;8;2;3;2;2;1;0
89;8;3;1;3;1;2;0
89;9;1;1;1;1;1;1
89;9;2;3;3;2;1;0
89;9;3;2;2;2;2;0
89;10;1;2;2;1;2;4
89;10;2;1;1;2;1;0
89;10;3;3;3;1;2;0
89;11;1;2;3;1;1;1
89;11;2;3;1;1;1;0
89;11;3;1;2;2;2;0
89;12;1;3;1;2;2;3
89;12;2;1;3;2;2;0
89;12;3;2;2;1;1;0
89;13;1;3;1;2;2;4
89;13;2;1;2;1;2;0
89;13;3;2;3;2;1;0
89;14;1;1;1;1;1;2
89;14;2;3;3;1;1;0
89;14;3;2;2;2;2;0
90;1;1;1;1;2;2;2
90;1;2;3;3;1;1;0
90;1;3;2;2;1;2;0
90;2;1;2;3;2;1;4
90;2;2;1;2;1;2;0
90;2;3;3;1;2;1;0
90;3;1;2;3;1;2;4
90;3;2;1;1;2;1;0
90;3;3;3;2;2;1;0
90;4;1;2;1;2;1;4
90;4;2;1;3;1;2;0
90;4;3;3;2;1;2;0
90;5;1;3;3;2;2;3
90;5;2;2;1;1;2;0
90;5;3;1;2;1;1;0
90;6;1;3;3;2;1;4
90;6;2;1;1;1;2;0
90;6;3;2;2;2;1;0
90;7;1;2;2;2;2;3
90;7;2;1;3;2;2;0
90;7;3;3;1;1;1;0
90;8;1;1;2;1;1;2
90;8;2;2;3;1;1;0
90;8;3;3;1;2;2;0
90;9;1;1;1;2;1;2
90;9;2;2;3;1;1;0
90;9;3;3;2;1;2;0
90;10;1;1;3;2;2;3
90;10;2;2;1;2;2;0
90;10;3;3;2;1;1;0
90;11;1;3;3;1;2;4
90;11;2;2;1;1;2;0
90;11;3;1;2;2;1;0
90;12;1;1;2;1;2;4
90;12;2;3;3;2;1;0
90;12;3;2;1;2;1;0
90;13;1;1;1;1;1;1
90;13;2;3;3;2;1;0
90;13;3;2;2;2;2;0
90;14;1;3;1;1;2;4
90;14;2;2;2;2;1;0
90;14;3;1;3;1;2;0
91;1;1;1;1;2;2;2
91;1;2;3;3;1;1;0
91;1;3;2;2;1;2;0
91;2;1;2;3;2;1;4
91;2;2;1;2;1;2;0
91;2;3;3;1;2;1;0
91;3;1;1;1;2;2;2
91;3;2;2;3;1;1;0
91;3;3;3;2;2;2;0
91;4;1;2;3;2;2;3
91;4;2;1;2;1;1;0
91;4;3;3;1;1;1;0
91;5;1;1;3;2;1;4
91;5;2;3;2;1;2;0
91;5;3;2;1;1;2;0
91;6;1;1;3;1;2;4
91;6;2;2;1;2;1;0
91;6;3;3;2;2;1;0
91;7;1;1;1;2;2;3
91;7;2;3;2;2;2;0
91;7;3;2;3;1;1;0
91;8;1;1;3;2;2;2
91;8;2;3;1;1;1;0
91;8;3;2;2;1;1;0
91;9;1;2;1;1;2;4
91;9;2;3;3;1;2;0
91;9;3;1;2;2;1;0
91;10;1;1;1;2;1;4
91;10;2;2;2;1;2;0
91;10;3;3;3;2;1;0
91;11;1;1;2;1;1;3
91;11;2;2;3;2;2;0
91;11;3;3;1;1;1;0
91;12;1;1;1;2;2;2
91;12;2;2;3;1;1;0
91;12;3;3;2;2;2;0
91;13;1;2;1;2;1;4
91;13;2;3;2;1;2;0
91;13;3;1;3;1;2;0
91;14;1;1;1;1;2;4
91;14;2;2;2;2;1;0
91;14;3;3;3;2;1;0
92;1;1;1;1;2;2;2
92;1;2;3;3;1;1;0
92;1;3;2;2;1;2;0
92;2;1;2;3;2;1;4
92;2;2;1;2;1;2;0
92;2;3;3;1;2;1;0
92;3;1;1;2;1;1;3
92;3;2;2;1;2;2;0
92;3;3;3;3;1;1;0
92;4;1;2;2;2;2;3
92;4;2;3;1;2;2;0
92;4;3;1;3;1;1;0
92;5;1;1;2;2;1;3
92;5;2;2;3;1;2;0
92;5;3;3;1;1;1;0
92;6;1;3;3;2;2;3
92;6;2;1;2;2;2;0
92;6;3;2;1;1;1;0
92;7;1;3;2;1;2;4
92;7;2;1;3;2;1;0
92;7;3;2;1;1;2;0
92;8;1;2;2;2;1;4
92;8;2;3;1;2;1;0
92;8;3;1;3;1;2;0
92;9;1;2;3;2;2;2
92;9;2;3;2;1;1;0
92;9;3;1;1;1;2;0
92;10;1;2;2;1;2;4
92;10;2;1;1;2;1;0
92;10;3;3;3;2;1;0
92;11;1;3;1;2;2;2
92;11;2;2;3;1;1;0
92;11;3;1;2;2;2;0
92;12;1;2;3;2;2;2
92;12;2;1;1;1;1;0
92;12;3;3;2;1;1;0
92;13;1;1;2;1;2;4
92;13;2;2;1;2;1;0
92;13;3;3;3;1;2;0
92;14;1;3;1;1;2;4
92;14;2;1;3;2;1;0
92;14;3;2;2;2;1;0
93;1;1;1;1;2;2;2
93;1;2;3;3;1;1;0
93;1;3;2;2;1;2;0
93;2;1;2;3;2;1;4
93;2;2;1;2;1;2;0
93;2;3;3;1;2;1;0
93;3;1;3;3;2;2;2
93;3;2;1;1;1;1;0
93;3;3;2;2;1;1;0
93;4;1;1;2;2;2;2
93;4;2;2;3;1;1;0
93;4;3;3;1;2;2;0
93;5;1;2;1;1;2;3
93;5;2;3;2;2;1;0
93;5;3;1;3;1;1;0
93;6;1;2;2;2;2;2
93;6;2;3;1;1;1;0
93;6;3;1;3;2;2;0
93;7;1;2;3;2;1;4
93;7;2;1;1;2;1;0
93;7;3;3;2;1;2;0
93;8;1;1;2;1;2;1
93;8;2;2;3;1;2;0
93;8;3;3;1;2;1;0
93;9;1;1;2;2;1;2
93;9;2;3;3;1;1;0
93;9;3;2;1;2;2;0
93;10;1;3;3;2;2;4
93;10;2;2;2;2;1;0
93;10;3;1;1;1;2;0
93;11;1;1;3;2;2;2
93;11;2;3;2;1;1;0
93;11;3;2;1;1;2;0
93;12;1;3;2;2;2;3
93;12;2;1;1;1;1;0
93;12;3;2;3;1;1;0
93;13;1;2;3;2;1;4
93;13;2;3;1;2;1;0
93;13;3;1;2;1;2;0
93;14;1;3;3;1;2;4
93;14;2;2;1;1;2;0
93;14;3;1;2;2;1;0
94;1;1;1;1;2;2;2
94;1;2;3;3;1;1;0
94;1;3;2;2;1;2;0
94;2;1;2;3;2;1;4
94;2;2;1;2;1;2;0
94;2;3;3;1;2;1;0
94;3;1;2;2;1;1;1
94;3;2;3;1;2;2;0
94;3;3;1;3;2;2;0
94;4;1;3;2;1;1;3
94;4;2;2;1;2;2;0
94;4;3;1;3;1;1;0
94;5;1;1;1;2;1;4
94;5;2;2;2;1;2;0
94;5;3;3;3;2;2;0
94;6;1;2;1;1;1;3
94;6;2;1;2;2;2;0
94;6;3;3;3;1;1;0
94;7;1;2;2;2;1;4
94;7;2;3;3;1;2;0
94;7;3;1;1;1;2;0
94;8;1;2;3;2;1;4
94;8;2;3;1;2;1;0
94;8;3;1;2;1;2;0
94;9;1;2;1;2;2;2
94;9;2;1;3;1;1;0
94;9;3;3;2;2;2;0
94;10;1;3;2;1;1;2
94;10;2;1;1;1;1;0
94;10;3;2;3;2;2;0
94;11;1;3;1;2;1;4
94;11;2;2;2;1;2;0
94;11;3;1;3;2;1;0
94;12;1;2;2;2;1;4
94;12;2;1;3;1;2;0
94;12;3;3;1;1;2;0
94;13;1;2;3;1;1;1
94;13;2;3;2;1;1;0
94;13;3;1;1;2;2;0
94;14;1;3;3;2;2;2
94;14;2;2;1;1;1;0
94;14;3;1;2;2;2;0
95;1;1;1;1;2;2;2
95;1;2;3;3;1;1;0
95;1;3;2;2;1;2;0
95;2;1;2;3;2;1;4
95;2;2;1;2;1;2;0
95;2;3;3;1;2;1;0
95;3;1;3;3;2;1;4
95;3;2;1;1;2;1;0
95;3;3;2;2;1;2;0
95;4;1;2;3;1;2;4
95;4;2;1;2;2;1;0
95;4;3;3;1;1;2;0
95;5;1;2;1;2;2;2
95;5;2;1;3;1;1;0
95;5;3;3;2;1;1;0
95;6;1;2;1;1;1;1
95;6;2;1;2;2;2;0
95;6;3;3;3;2;2;0
95;7;1;1;1;1;2;4
95;7;2;2;2;2;1;0
95;7;3;3;3;2;1;0
95;8;1;2;3;1;2;4
95;8;2;3;2;1;2;0
95;8;3;1;1;2;1;0
95;9;1;2;2;2;2;3
95;9;2;3;1;1;2;0
95;9;3;1;3;1;1;0
95;10;1;2;1;2;1;4
95;10;2;1;3;1;2;0
95;10;3;3;2;2;1;0
95;11;1;3;1;1;1;1
95;11;2;2;3;2;2;0
95;11;3;1;2;1;1;0
95;12;1;1;3;2;2;3
95;12;2;3;1;2;2;0
95;12;3;2;2;1;1;0
95;13;1;2;3;2;1;3
95;13;2;1;2;1;2;0
95;13;3;3;1;1;1;0
95;14;1;2;1;2;2;2
95;14;2;1;3;1;1;0
95;14;3;3;2;2;2;0
96;1;1;1;1;2;2;2
96;1;2;3;3;1;1;0
96;1;3;2;2;1;2;0
96;2;1;2;3;2;1;4
96;2;2;1;2;1;2;0
96;2;3;3;1;2;1;0
96;3;1;3;3;2;1;4
96;3;2;1;1;2;1;0
96;3;3;2;2;1;2;0
96;4;1;1;2;2;1;4
96;4;2;2;1;1;2;0
96;4;3;3;3;1;2;0
96;5;1;2;3;1;1;1
96;5;2;3;2;1;2;0
96;5;3;1;1;2;2;0
96;6;1;3;2;2;1;4
96;6;2;1;3;1;2;0
96;6;3;2;1;2;1;0
96;7;1;1;1;1;1;1
96;7;2;2;3;2;2;0
96;7;3;3;2;2;2;0
96;8;1;2;2;1;1;3
96;8;2;1;3;2;2;0
96;8;3;3;1;1;1;0
96;9;1;1;2;2;1;4
96;9;2;2;1;1;2;0
96;9;3;3;3;2;1;0
96;10;1;3;1;1;2;4
96;10;2;1;2;1;2;0
96;10;3;2;3;2;1;0
96;11;1;1;1;2;2;3
96;11;2;2;2;1;1;0
96;11;3;3;3;1;1;0
96;12;1;3;2;2;2;2
96;12;2;1;1;1;1;0
96;12;3;2;3;2;2;0
96;13;1;2;1;2;1;4
96;13;2;3;3;1;2;0
96;13;3;1;2;1;2;0
96;14;1;3;3;2;1;4
96;14;2;2;1;1;2;0
96;14;3;1;2;2;1;0
97;1;1;1;1;2;2;2
97;1;2;3;3;1;1;0
97;1;3;2;2;1;2;0
97;2;1;2;3;2;1;4
97;2;2;1;2;1;2;0
97;2;3;3;1;2;1;0
97;3;1;3;1;2;2;2
97;3;2;1;3;1;1;0
97;3;3;2;2;2;2;0
97;4;1;2;3;1;1;1
97;4;2;3;2;1;1;0
97;4;3;1;1;2;2;0
97;5;1;2;2;1;2;4
97;5;2;1;3;1;2;0
97;5;3;3;1;2;1;0
97;6;1;2;3;2;1;4
97;6;2;1;2;2;1;0
97;6;3;3;1;1;2;0
97;7;1;1;3;2;2;3
97;7;2;3;2;2;2;0
97;7;3;2;1;1;1;0
97;8;1;2;3;2;2;3
97;8;2;3;2;1;1;0
97;8;3;1;1;1;1;0
97;9;1;3;3;1;2;4
97;9;2;2;1;2;1;0
97;9;3;1;2;2;1;0
97;10;1;1;1;1;2;4
97;10;2;2;2;1;2;0
97;10;3;3;3;2;1;0
97;11;1;2;2;2;2;2
97;11;2;1;3;1;1;0
97;11;3;3;1;2;2;0
97;12;1;2;2;1;1;3
97;12;2;1;3;2;2;0
97;12;3;3;1;1;1;0
97;13;1;3;3;1;2;4
97;13;2;1;2;2;2;0
97;13;3;2;1;2;1;0
97;14;1;1;3;1;1;1
97;14;2;3;2;1;1;0
97;14;3;2;1;2;2;0
98;1;1;1;1;2;2;2
98;1;2;3;3;1;1;0
98;1;3;2;2;1;2;0
98;2;1;2;3;2;1;4
98;2;2;1;2;1;2;0
98;2;3;3;1;2;1;0
98;3;1;1;2;2;1;4
98;3;2;2;3;1;2;0
98;3;3;3;1;2;1;0
98;4;1;3;3;2;1;4
98;4;2;1;1;1;2;0
98;4;3;2;2;1;2;0
98;5;1;2;3;1;1;1
98;5;2;1;1;2;1;0
98;5;3;3;2;2;2;0
98;6;1;1;1;1;2;4
98;6;2;3;3;1;2;0
98;6;3;2;2;2;1;0
98;7;1;2;3;2;2;3
98;7;2;3;1;2;2;0
98;7;3;1;2;1;1;0
98;8;1;2;1;1;1;1
98;8;2;1;3;2;2;0
98;8;3;3;2;1;1;0
98;9;1;3;1;2;2;4
98;9;2;1;2;1;2;0
98;9;3;2;3;2;1;0
98;10;1;3;3;1;1;1
98;10;2;1;1;1;1;0
98;10;3;2;2;2;2;0
98;11;1;2;1;1;2;4
98;11;2;1;3;2;1;0
98;11;3;3;2;1;2;0
98;12;1;3;2;2;1;4
98;12;2;2;1;2;1;0
98;12;3;1;3;1;2;0
98;13;1;1;2;2;2;2
98;13;2;2;3;1;1;0
98;13;3;3;1;2;2;0
98;14;1;2;2;1;1;2
98;14;2;1;1;1;1;0
98;14;3;3;3;2;2;0
99;1;1;1;1;2;2;2
99;1;2;3;3;1;1;0
99;1;3;2;2;1;2;0
99;2;1;2;3;2;1;4
99;2;2;1;2;1;2;0
99;2;3;3;1;2;1;0
99;3;1;1;2;2;1;3
99;3;2;2;1;1;2;0
99;3;3;3;3;1;1;0
99;4;1;1;3;2;2;3
99;4;2;2;1;2;2;0
99;4;3;3;2;1;1;0
99;5;1;2;2;1;2;4
99;5;2;1;3;1;2;0
99;5;3;3;1;2;1;0
99;6;1;2;3;2;1;4
99;6;2;1;1;2;1;0
99;6;3;3;2;1;2;0
99;7;1;2;2;2;2;2
99;7;2;3;1;1;1;0
99;7;3;1;3;1;2;0
99;8;1;3;3;2;1;4
99;8;2;1;2;2;1;0
99;8;3;2;1;1;2;0
99;9;1;3;2;2;2;2
99;9;2;2;3;1;1;0
99;9;3;1;1;1;2;0
99;10;1;2;2;2;1;4
99;10;2;1;1;2;1;0
99;10;3;3;3;1;2;0
99;11;1;1;2;1;1;3
99;11;2;2;3;2;2;0
99;11;3;3;1;1;1;0
99;12;1;2;2;1;1;1
99;12;2;1;1;2;2;0
99;12;3;3;3;2;2;0
99;13;1;2;3;2;1;2
99;13;2;3;1;1;1;0
99;13;3;1;2;1;2;0
99;14;1;3;2;2;2;2
99;14;2;1;3;1;1;0
99;14;3;2;1;2;2;0
100;1;1;1;1;2;2;2
100;1;2;3;3;1;1;0
100;1;3;2;2;1;2;0
100;2;1;2;3;2;1;4
100;2;2;1;2;1;2;0
100;2;3;3;1;2;1;0
100;3;1;3;2;2;1;4
100;3;2;1;3;2;1;0
100;3;3;2;1;1;2;0
100;4;1;3;3;1;2;4
100;4;2;2;2;1;2;0
100;4;3;1;1;2;1;0
100;5;1;2;3;1;1;1
100;5;2;1;2;2;2;0
100;5;3;3;1;2;1;0
100;6;1;2;3;2;1;4
100;6;2;3;2;1;2;0
100;6;3;1;1;1;2;0
100;7;1;2;2;1;1;3
100;7;2;1;3;2;2;0
100;7;3;3;1;1;1;0
100;8;1;2;1;2;2;3
100;8;2;3;3;2;2;0
100;8;3;1;2;1;1;0
100;9;1;3;2;2;1;4
100;9;2;1;3;1;2;0
100;9;3;2;1;1;2;0
100;10;1;3;3;1;2;4
100;10;2;1;1;2;1;0
100;10;3;2;2;2;1;0
100;11;1;3;1;2;2;2
100;11;2;2;3;1;1;0
100;11;3;1;2;2;2;0
100;12;1;3;2;1;1;3
100;12;2;2;3;2;2;0
100;12;3;1;1;1;1;0
100;13;1;1;3;2;1;4
100;13;2;3;1;2;2;0
100;13;3;2;2;1;2;0
100;14;1;2;1;1;1;3
100;14;2;1;2;2;2;0
100;14;3;3;3;1;1;0
